,Date,Start(ET),Visitor/Neutral,PTS,Home/Neutral,PTS,,,Attend,Notes
0,"Tue, Oct 22, 2019",,,,,,,,,
1,"Tue, Oct 22, 2019",8:00p,New Orleans Pelicans,122,Toronto Raptors,130,Box Score,OT,"20,787",
2,"Wed, Oct 23, 2019",10:30p,Los Angeles Lakers,102,Los Angeles Clippers,112,Box Score,,"19,068",
3,"Wed, Oct 23, 2019",7:00p,Chicago Bulls,125,Charlotte Hornets,126,Box Score,,"15,424",
4,"Wed, Oct 23, 2019",7:00p,Detroit Pistons,119,Indiana Pacers,110,Box Score,,"17,923",
5,"Wed, Oct 23, 2019",7:00p,Cleveland Cavaliers,85,Orlando Magic,94,Box Score,,"18,846",
6,"Wed, Oct 23, 2019",7:30p,Minnesota Timberwolves,127,Brooklyn Nets,126,Box Score,OT,"17,732",
7,"Wed, Oct 23, 2019",7:30p,Memphis Grizzlies,101,Miami Heat,120,Box Score,,"19,600",
8,"Wed, Oct 23, 2019",7:30p,Boston Celtics,93,Philadelphia 76ers,107,Box Score,,"20,422",
9,"Wed, Oct 23, 2019",8:30p,Washington Wizards,100,Dallas Mavericks,108,Box Score,,"19,816",
10,"Wed, Oct 23, 2019",8:30p,New York Knicks,111,San Antonio Spurs,120,Box Score,,"18,354",
11,"Wed, Oct 23, 2019",9:00p,Oklahoma City Thunder,95,Utah Jazz,100,Box Score,,"18,306",
12,"Wed, Oct 23, 2019",10:00p,Sacramento Kings,95,Phoenix Suns,124,Box Score,,"18,055",
13,"Thu, Oct 24, 2019",10:00p,Denver Nuggets,108,Portland Trail Blazers,100,Box Score,,"19,991",
14,"Thu, Oct 24, 2019",7:00p,Atlanta Hawks,117,Detroit Pistons,100,Box Score,,"20,338",
15,"Thu, Oct 24, 2019",8:00p,Milwaukee Bucks,117,Houston Rockets,111,Box Score,,"18,055",
16,"Fri, Oct 25, 2019",10:30p,Los Angeles Clippers,141,Golden State Warriors,122,Box Score,,"18,064",
17,"Fri, Oct 25, 2019",7:00p,Toronto Raptors,106,Boston Celtics,112,Box Score,,"18,624",
18,"Fri, Oct 25, 2019",7:00p,Minnesota Timberwolves,121,Charlotte Hornets,99,Box Score,,"14,879",
19,"Fri, Oct 25, 2019",7:30p,New York Knicks,109,Brooklyn Nets,113,Box Score,,"17,732",
20,"Fri, Oct 25, 2019",8:00p,Chicago Bulls,110,Memphis Grizzlies,102,Box Score,,"17,794",
21,"Fri, Oct 25, 2019",8:00p,Dallas Mavericks,123,New Orleans Pelicans,116,Box Score,,"17,027",
22,"Fri, Oct 25, 2019",8:00p,Washington Wizards,97,Oklahoma City Thunder,85,Box Score,,"18,203",
23,"Fri, Oct 25, 2019",9:00p,Phoenix Suns,107,Denver Nuggets,108,Box Score,OT,"19,557",
24,"Fri, Oct 25, 2019",10:00p,Portland Trail Blazers,122,Sacramento Kings,112,Box Score,,"17,583",
25,"Sat, Oct 26, 2019",10:30p,Utah Jazz,86,Los Angeles Lakers,95,Box Score,,"18,997",
26,"Sat, Oct 26, 2019",5:00p,Miami Heat,131,Milwaukee Bucks,126,Box Score,OT,"17,467",
27,"Sat, Oct 26, 2019",7:00p,Philadelphia 76ers,117,Detroit Pistons,111,Box Score,,"16,207",
28,"Sat, Oct 26, 2019",7:30p,Orlando Magic,99,Atlanta Hawks,103,Box Score,,"17,078",
29,"Sat, Oct 26, 2019",7:30p,Boston Celtics,118,New York Knicks,95,Box Score,,"19,812",
30,"Sat, Oct 26, 2019",8:00p,Toronto Raptors,108,Chicago Bulls,84,Box Score,,"21,498",
31,"Sat, Oct 26, 2019",8:00p,Indiana Pacers,99,Cleveland Cavaliers,110,Box Score,,"19,432",
32,"Sat, Oct 26, 2019",8:00p,New Orleans Pelicans,123,Houston Rockets,126,Box Score,,"18,055",
33,"Sat, Oct 26, 2019",8:30p,Washington Wizards,122,San Antonio Spurs,124,Box Score,,"18,354",
34,"Sat, Oct 26, 2019",9:00p,Sacramento Kings,81,Utah Jazz,113,Box Score,,"18,306",
35,"Sun, Oct 27, 2019",10:00p,Los Angeles Clippers,122,Phoenix Suns,130,Box Score,,"15,802",
36,"Sun, Oct 27, 2019",3:30p,Golden State Warriors,92,Oklahoma City Thunder,120,Box Score,,"18,203",
37,"Sun, Oct 27, 2019",6:00p,Brooklyn Nets,133,Memphis Grizzlies,134,Box Score,OT,"15,517",
38,"Sun, Oct 27, 2019",7:00p,Portland Trail Blazers,121,Dallas Mavericks,119,Box Score,,"19,707",
39,"Sun, Oct 27, 2019",7:00p,Miami Heat,109,Minnesota Timberwolves,116,Box Score,,"17,049",
40,"Mon, Oct 28, 2019",9:30p,Charlotte Hornets,101,Los Angeles Lakers,120,Box Score,,"18,997",
41,"Mon, Oct 28, 2019",7:00p,Chicago Bulls,98,New York Knicks,105,Box Score,,"19,812",
42,"Mon, Oct 28, 2019",7:00p,Indiana Pacers,94,Detroit Pistons,96,Box Score,,"13,565",
43,"Mon, Oct 28, 2019",7:30p,Orlando Magic,95,Toronto Raptors,104,Box Score,,"19,800",
44,"Mon, Oct 28, 2019",7:30p,Philadelphia 76ers,105,Atlanta Hawks,103,Box Score,,"14,094",
45,"Mon, Oct 28, 2019",8:00p,Oklahoma City Thunder,112,Houston Rockets,116,Box Score,,"18,055",
46,"Mon, Oct 28, 2019",8:00p,Cleveland Cavaliers,112,Milwaukee Bucks,129,Box Score,,"17,385",
47,"Mon, Oct 28, 2019",8:00p,Golden State Warriors,134,New Orleans Pelicans,123,Box Score,,"17,307",
48,"Mon, Oct 28, 2019",8:30p,Portland Trail Blazers,110,San Antonio Spurs,113,Box Score,,"18,083",
49,"Mon, Oct 28, 2019",10:00p,Utah Jazz,96,Phoenix Suns,95,Box Score,,"14,805",
50,"Mon, Oct 28, 2019",10:00p,Denver Nuggets,101,Sacramento Kings,94,Box Score,,"15,870",
51,"Tue, Oct 29, 2019",10:30p,Charlotte Hornets,96,Los Angeles Clippers,111,Box Score,,"19,068",
52,"Tue, Oct 29, 2019",7:30p,Atlanta Hawks,97,Miami Heat,112,Box Score,,"19,600",
53,"Tue, Oct 29, 2019",9:00p,Dallas Mavericks,109,Denver Nuggets,106,Box Score,,"16,605",
54,"Wed, Oct 30, 2019",10:30p,Memphis Grizzlies,91,Los Angeles Lakers,120,Box Score,,"18,997",
55,"Wed, Oct 30, 2019",7:00p,Chicago Bulls,111,Cleveland Cavaliers,117,Box Score,,"17,595",
56,"Wed, Oct 30, 2019",7:00p,New York Knicks,83,Orlando Magic,95,Box Score,,"17,456",
57,"Wed, Oct 30, 2019",7:00p,Minnesota Timberwolves,95,Philadelphia 76ers,117,Box Score,,"20,204",
58,"Wed, Oct 30, 2019",7:30p,Milwaukee Bucks,105,Boston Celtics,116,Box Score,,"18,624",
59,"Wed, Oct 30, 2019",7:30p,Indiana Pacers,118,Brooklyn Nets,108,Box Score,,"17,083",
60,"Wed, Oct 30, 2019",7:30p,Detroit Pistons,113,Toronto Raptors,125,Box Score,,"19,800",
61,"Wed, Oct 30, 2019",8:00p,Portland Trail Blazers,102,Oklahoma City Thunder,99,Box Score,,"18,203",
62,"Wed, Oct 30, 2019",8:00p,Houston Rockets,159,Washington Wizards,158,Box Score,,"20,476",
63,"Wed, Oct 30, 2019",10:00p,Charlotte Hornets,118,Sacramento Kings,111,Box Score,,"15,416",
64,"Wed, Oct 30, 2019",10:00p,Los Angeles Clippers,96,Utah Jazz,110,Box Score,,"18,306",
65,"Thu, Oct 31, 2019",10:30p,Phoenix Suns,121,Golden State Warriors,110,Box Score,,"18,064",
66,"Thu, Oct 31, 2019",7:00p,Miami Heat,106,Atlanta Hawks,97,Box Score,,"16,539",
67,"Thu, Oct 31, 2019",9:30p,Denver Nuggets,107,New Orleans Pelicans,122,Box Score,,"16,613",
68,"Fri, Nov 1, 2019",,,,,,,,,
69,"Fri, Nov 1, 2019",7:00p,Houston Rockets,116,Brooklyn Nets,123,Box Score,,"17,732",
70,"Fri, Nov 1, 2019",7:00p,Cleveland Cavaliers,95,Indiana Pacers,102,Box Score,,"16,079",
71,"Fri, Nov 1, 2019",7:00p,Milwaukee Bucks,123,Orlando Magic,91,Box Score,,"15,105",
72,"Fri, Nov 1, 2019",7:30p,New York Knicks,102,Boston Celtics,104,Box Score,,"18,624",
73,"Fri, Nov 1, 2019",8:00p,Detroit Pistons,106,Chicago Bulls,112,Box Score,,"20,671",
74,"Fri, Nov 1, 2019",9:30p,Los Angeles Lakers,119,Dallas Mavericks,110,Box Score,OT,"20,358",
75,"Fri, Nov 1, 2019",10:00p,Utah Jazz,101,Sacramento Kings,102,Box Score,,"16,273",
76,"Sat, Nov 2, 2019",10:30p,San Antonio Spurs,127,Golden State Warriors,110,Box Score,,"18,064",
77,"Sat, Nov 2, 2019",5:00p,New Orleans Pelicans,104,Oklahoma City Thunder,115,Box Score,,"18,203",
78,"Sat, Nov 2, 2019",7:00p,Brooklyn Nets,109,Detroit Pistons,113,Box Score,,"17,222",
79,"Sat, Nov 2, 2019",7:00p,Denver Nuggets,91,Orlando Magic,87,Box Score,,"17,025",
80,"Sat, Nov 2, 2019",8:00p,Phoenix Suns,114,Memphis Grizzlies,105,Box Score,,"14,144",
81,"Sat, Nov 2, 2019",8:00p,Toronto Raptors,105,Milwaukee Bucks,115,Box Score,,"17,637",
82,"Sat, Nov 2, 2019",8:00p,Minnesota Timberwolves,131,Washington Wizards,109,Box Score,,"15,150",
83,"Sat, Nov 2, 2019",8:30p,Charlotte Hornets,93,Golden State Warriors,87,Box Score,,"18,064",
84,"Sun, Nov 3, 2019",10:00p,Philadelphia 76ers,129,Portland Trail Blazers,128,Box Score,,"19,669",
85,"Sun, Nov 3, 2019",5:00p,Chicago Bulls,95,Indiana Pacers,108,Box Score,,"17,073",
86,"Sun, Nov 3, 2019",6:00p,Houston Rockets,100,Miami Heat,129,Box Score,,"19,724",
87,"Sun, Nov 3, 2019",6:00p,Sacramento Kings,113,New York Knicks,92,Box Score,,"19,812",
88,"Sun, Nov 3, 2019",7:00p,Los Angeles Lakers,103,San Antonio Spurs,96,Box Score,,"18,610",
89,"Sun, Nov 3, 2019",7:30p,Dallas Mavericks,131,Cleveland Cavaliers,111,Box Score,,"18,078",
90,"Mon, Nov 4, 2019",9:00p,Utah Jazz,94,Los Angeles Clippers,105,Box Score,,"19,068",
91,"Mon, Nov 4, 2019",7:00p,Detroit Pistons,99,Washington Wizards,115,Box Score,,"13,052",
92,"Mon, Nov 4, 2019",7:30p,New Orleans Pelicans,125,Brooklyn Nets,135,Box Score,,"17,194",
93,"Mon, Nov 4, 2019",8:00p,Houston Rockets,107,Memphis Grizzlies,100,Box Score,,"14,197",
94,"Mon, Nov 4, 2019",8:00p,Milwaukee Bucks,134,Minnesota Timberwolves,106,Box Score,,"16,271",
95,"Mon, Nov 4, 2019",9:00p,Philadelphia 76ers,109,Phoenix Suns,114,Box Score,,"14,285",
96,"Tue, Nov 5, 2019",10:30p,Portland Trail Blazers,118,Golden State Warriors,127,Box Score,,"18,064",
97,"Tue, Nov 5, 2019",7:00p,Indiana Pacers,120,Charlotte Hornets,122,Box Score,OT,"13,341",
98,"Tue, Nov 5, 2019",7:00p,Boston Celtics,119,Cleveland Cavaliers,113,Box Score,,"17,709",
99,"Tue, Nov 5, 2019",7:30p,San Antonio Spurs,100,Atlanta Hawks,108,Box Score,,"14,025",
100,"Tue, Nov 5, 2019",8:00p,Los Angeles Lakers,118,Chicago Bulls,112,Box Score,,"21,193",
101,"Tue, Nov 5, 2019",8:00p,Orlando Magic,94,Oklahoma City Thunder,102,Box Score,,"18,203",
102,"Wed, Nov 6, 2019",9:00p,Miami Heat,89,Denver Nuggets,109,Box Score,,"18,010",
103,"Wed, Nov 6, 2019",7:00p,New York Knicks,102,Detroit Pistons,122,Box Score,,"15,463",
104,"Wed, Nov 6, 2019",7:00p,Washington Wizards,106,Indiana Pacers,121,Box Score,,"16,171",
105,"Wed, Nov 6, 2019",7:30p,Chicago Bulls,113,Atlanta Hawks,93,Box Score,,"15,049",
106,"Wed, Nov 6, 2019",7:30p,Golden State Warriors,112,Houston Rockets,129,Box Score,,"18,055",
107,"Wed, Nov 6, 2019",7:30p,Sacramento Kings,120,Toronto Raptors,124,Box Score,,"19,800",
108,"Wed, Nov 6, 2019",8:00p,Minnesota Timberwolves,121,Memphis Grizzlies,137,Box Score,,"13,503",
109,"Wed, Nov 6, 2019",8:30p,Orlando Magic,106,Dallas Mavericks,107,Box Score,,"19,487",
110,"Wed, Nov 6, 2019",9:00p,Philadelphia 76ers,104,Utah Jazz,106,Box Score,,"18,306",
111,"Thu, Nov 7, 2019",10:00p,Milwaukee Bucks,129,Los Angeles Clippers,124,Box Score,,"19,068",
112,"Thu, Nov 7, 2019",8:00p,Boston Celtics,108,Charlotte Hornets,87,Box Score,,"18,487",
113,"Thu, Nov 7, 2019",8:30p,Oklahoma City Thunder,112,San Antonio Spurs,121,Box Score,,"18,354",
114,"Thu, Nov 7, 2019",9:00p,Miami Heat,124,Phoenix Suns,108,Box Score,,"15,498",
115,"Fri, Nov 8, 2019",10:30p,Portland Trail Blazers,101,Los Angeles Clippers,107,Box Score,,"19,068",
116,"Fri, Nov 8, 2019",7:00p,Detroit Pistons,106,Indiana Pacers,112,Box Score,,"15,544",
117,"Fri, Nov 8, 2019",7:00p,Memphis Grizzlies,86,Orlando Magic,118,Box Score,,"17,021",
118,"Fri, Nov 8, 2019",7:00p,Cleveland Cavaliers,113,Washington Wizards,100,Box Score,,"16,946",
119,"Fri, Nov 8, 2019",7:30p,Sacramento Kings,121,Atlanta Hawks,109,Box Score,,"16,447",
120,"Fri, Nov 8, 2019",8:00p,Golden State Warriors,119,Minnesota Timberwolves,125,Box Score,OT,"15,647",
121,"Fri, Nov 8, 2019",8:00p,Toronto Raptors,122,New Orleans Pelicans,104,Box Score,,"16,337",
122,"Fri, Nov 8, 2019",8:30p,New York Knicks,106,Dallas Mavericks,102,Box Score,,"20,257",
123,"Fri, Nov 8, 2019",9:00p,Philadelphia 76ers,97,Denver Nuggets,100,Box Score,,"19,520",
124,"Fri, Nov 8, 2019",9:00p,Milwaukee Bucks,100,Utah Jazz,103,Box Score,,"18,306",
125,"Fri, Nov 8, 2019",10:00p,Brooklyn Nets,119,Portland Trail Blazers,115,Box Score,,"20,089",
126,"Sat, Nov 9, 2019",10:30p,Miami Heat,80,Los Angeles Lakers,95,Box Score,,"18,997",
127,"Sat, Nov 9, 2019",5:00p,Boston Celtics,135,San Antonio Spurs,115,Box Score,,"18,354",
128,"Sat, Nov 9, 2019",7:00p,New Orleans Pelicans,115,Charlotte Hornets,110,Box Score,,"18,513",
129,"Sat, Nov 9, 2019",8:00p,Houston Rockets,117,Chicago Bulls,94,Box Score,,"20,482",
130,"Sat, Nov 9, 2019",8:00p,Dallas Mavericks,138,Memphis Grizzlies,122,Box Score,,"15,753",
131,"Sun, Nov 10, 2019",8:00p,Golden State Warriors,108,Oklahoma City Thunder,114,Box Score,,"18,203",
132,"Sun, Nov 10, 2019",3:30p,Denver Nuggets,100,Minnesota Timberwolves,98,Box Score,OT,"13,553",
133,"Sun, Nov 10, 2019",6:00p,Indiana Pacers,109,Orlando Magic,102,Box Score,,"17,118",
134,"Sun, Nov 10, 2019",6:00p,Charlotte Hornets,106,Philadelphia 76ers,114,Box Score,,"20,311",
135,"Sun, Nov 10, 2019",7:00p,Milwaukee Bucks,121,Oklahoma City Thunder,119,Box Score,,"18,203",
136,"Sun, Nov 10, 2019",7:30p,Cleveland Cavaliers,108,New York Knicks,87,Box Score,,"19,812",
137,"Sun, Nov 10, 2019",8:00p,Brooklyn Nets,112,Phoenix Suns,138,Box Score,,"17,290",
138,"Sun, Nov 10, 2019",9:00p,Atlanta Hawks,113,Portland Trail Blazers,124,Box Score,OT,"20,041",
139,"Mon, Nov 11, 2019",9:30p,Toronto Raptors,113,Los Angeles Lakers,104,Box Score,,"18,997",
140,"Mon, Nov 11, 2019",7:00p,Minnesota Timberwolves,120,Detroit Pistons,114,Box Score,,"12,526",
141,"Mon, Nov 11, 2019",7:30p,Dallas Mavericks,106,Boston Celtics,116,Box Score,,"18,624",
142,"Mon, Nov 11, 2019",7:30p,Memphis Grizzlies,113,San Antonio Spurs,109,Box Score,,"18,627",
143,"Mon, Nov 11, 2019",8:00p,Houston Rockets,122,New Orleans Pelicans,116,Box Score,,"16,695",
144,"Mon, Nov 11, 2019",10:30p,Utah Jazz,122,Golden State Warriors,108,Box Score,,"18,064",
145,"Tue, Nov 12, 2019",10:30p,Toronto Raptors,88,Los Angeles Clippers,98,Box Score,,"19,068",
146,"Tue, Nov 12, 2019",7:00p,Oklahoma City Thunder,85,Indiana Pacers,111,Box Score,,"15,838",
147,"Tue, Nov 12, 2019",7:00p,Cleveland Cavaliers,97,Philadelphia 76ers,98,Box Score,,"20,294",
148,"Tue, Nov 12, 2019",7:30p,Detroit Pistons,108,Miami Heat,117,Box Score,,"19,600",
149,"Tue, Nov 12, 2019",8:00p,New York Knicks,102,Chicago Bulls,120,Box Score,,"18,668",
150,"Tue, Nov 12, 2019",9:00p,Atlanta Hawks,125,Denver Nuggets,121,Box Score,,"18,327",
151,"Tue, Nov 12, 2019",9:00p,Los Angeles Lakers,123,Phoenix Suns,115,Box Score,,"18,055",
152,"Tue, Nov 12, 2019",9:00p,Brooklyn Nets,114,Utah Jazz,119,Box Score,,"18,306",
153,"Wed, Nov 13, 2019",10:00p,Portland Trail Blazers,99,Sacramento Kings,107,Box Score,,"16,358",
154,"Wed, Nov 13, 2019",7:00p,Memphis Grizzlies,119,Charlotte Hornets,117,Box Score,,"13,155",
155,"Wed, Nov 13, 2019",7:00p,Philadelphia 76ers,97,Orlando Magic,112,Box Score,,"15,113",
156,"Wed, Nov 13, 2019",7:30p,Washington Wizards,133,Boston Celtics,140,Box Score,,"19,156",
157,"Wed, Nov 13, 2019",7:30p,Los Angeles Clippers,93,Houston Rockets,102,Box Score,,"18,055",
158,"Wed, Nov 13, 2019",8:00p,San Antonio Spurs,114,Minnesota Timberwolves,129,Box Score,,"11,581",
159,"Wed, Nov 13, 2019",10:00p,Golden State Warriors,94,Los Angeles Lakers,120,Box Score,,"18,997",
160,"Thu, Nov 14, 2019",10:00p,Toronto Raptors,114,Portland Trail Blazers,106,Box Score,,"19,544",
161,"Thu, Nov 14, 2019",6:00p,Miami Heat,108,Cleveland Cavaliers,97,Box Score,,"17,374",
162,"Thu, Nov 14, 2019",8:00p,Chicago Bulls,115,Milwaukee Bucks,124,Box Score,,"17,627",
163,"Thu, Nov 14, 2019",8:00p,Los Angeles Clippers,127,New Orleans Pelicans,132,Box Score,,"17,147",
164,"Thu, Nov 14, 2019",8:00p,Dallas Mavericks,103,New York Knicks,106,Box Score,,"19,812",
165,"Thu, Nov 14, 2019",9:00p,Atlanta Hawks,112,Phoenix Suns,128,Box Score,,"15,143",
166,"Fri, Nov 15, 2019",10:30p,Brooklyn Nets,93,Denver Nuggets,101,Box Score,,"18,394",
167,"Fri, Nov 15, 2019",7:00p,Detroit Pistons,106,Charlotte Hornets,109,Box Score,,"16,778",
168,"Fri, Nov 15, 2019",7:00p,San Antonio Spurs,109,Orlando Magic,111,Box Score,,"16,296",
169,"Fri, Nov 15, 2019",8:00p,Indiana Pacers,102,Houston Rockets,111,Box Score,,"18,055",
170,"Fri, Nov 15, 2019",8:00p,Utah Jazz,106,Memphis Grizzlies,107,Box Score,,"16,422",
171,"Fri, Nov 15, 2019",8:00p,Washington Wizards,137,Minnesota Timberwolves,116,Box Score,,"12,716",
172,"Fri, Nov 15, 2019",8:00p,Philadelphia 76ers,119,Oklahoma City Thunder,127,Box Score,OT,"18,203",
173,"Fri, Nov 15, 2019",10:30p,Boston Celtics,105,Golden State Warriors,100,Box Score,,"18,064",
174,"Sat, Nov 16, 2019",10:30p,Sacramento Kings,97,Los Angeles Lakers,99,Box Score,,"18,997",
175,"Sat, Nov 16, 2019",6:00p,Brooklyn Nets,117,Chicago Bulls,111,Box Score,,"19,148",
176,"Sat, Nov 16, 2019",7:00p,Milwaukee Bucks,102,Indiana Pacers,83,Box Score,,"17,024",
177,"Sat, Nov 16, 2019",7:30p,Charlotte Hornets,103,New York Knicks,102,Box Score,,"19,401",
178,"Sat, Nov 16, 2019",8:00p,New Orleans Pelicans,94,Miami Heat,109,Box Score,,"19,600",
179,"Sat, Nov 16, 2019",8:00p,Houston Rockets,125,Minnesota Timberwolves,105,Box Score,,"18,978",
180,"Sat, Nov 16, 2019",8:30p,Toronto Raptors,102,Dallas Mavericks,110,Box Score,,"19,926",
181,"Sat, Nov 16, 2019",8:30p,Portland Trail Blazers,121,San Antonio Spurs,116,Box Score,,"18,534",
182,"Sun, Nov 17, 2019",10:30p,Atlanta Hawks,101,Los Angeles Clippers,150,Box Score,,"19,068",
183,"Sun, Nov 17, 2019",3:00p,Philadelphia 76ers,114,Cleveland Cavaliers,95,Box Score,,"19,432",
184,"Sun, Nov 17, 2019",3:30p,Boston Celtics,99,Sacramento Kings,100,Box Score,,"16,633",
185,"Sun, Nov 17, 2019",6:00p,Denver Nuggets,131,Memphis Grizzlies,114,Box Score,,"14,227",
186,"Sun, Nov 17, 2019",6:00p,Washington Wizards,121,Orlando Magic,125,Box Score,,"16,344",
187,"Sun, Nov 17, 2019",7:00p,Golden State Warriors,100,New Orleans Pelicans,108,Box Score,,"16,812",
188,"Mon, Nov 18, 2019",9:30p,Atlanta Hawks,101,Los Angeles Lakers,122,Box Score,,"18,997",
189,"Mon, Nov 18, 2019",7:00p,Cleveland Cavaliers,105,New York Knicks,123,Box Score,,"17,097",
190,"Mon, Nov 18, 2019",7:30p,Indiana Pacers,115,Brooklyn Nets,86,Box Score,,"14,140",
191,"Mon, Nov 18, 2019",7:30p,Charlotte Hornets,96,Toronto Raptors,132,Box Score,,"19,800",
192,"Mon, Nov 18, 2019",8:00p,Milwaukee Bucks,115,Chicago Bulls,101,Box Score,,"17,565",
193,"Mon, Nov 18, 2019",8:00p,Portland Trail Blazers,108,Houston Rockets,132,Box Score,,"18,055",
194,"Mon, Nov 18, 2019",8:30p,San Antonio Spurs,110,Dallas Mavericks,117,Box Score,,"19,637",
195,"Mon, Nov 18, 2019",9:00p,Boston Celtics,99,Phoenix Suns,85,Box Score,,"15,193",
196,"Mon, Nov 18, 2019",9:00p,Minnesota Timberwolves,112,Utah Jazz,102,Box Score,,"18,306",
197,"Tue, Nov 19, 2019",10:30p,Oklahoma City Thunder,88,Los Angeles Clippers,90,Box Score,,"19,068",
198,"Tue, Nov 19, 2019",8:00p,Golden State Warriors,114,Memphis Grizzlies,95,Box Score,,"14,511",
199,"Tue, Nov 19, 2019",8:00p,Portland Trail Blazers,104,New Orleans Pelicans,115,Box Score,,"15,021",
200,"Tue, Nov 19, 2019",10:00p,Phoenix Suns,116,Sacramento Kings,120,Box Score,,"16,732",
201,"Wed, Nov 20, 2019",10:30p,Oklahoma City Thunder,107,Los Angeles Lakers,112,Box Score,,"18,997",
202,"Wed, Nov 20, 2019",7:00p,New York Knicks,104,Philadelphia 76ers,109,Box Score,,"20,384",
203,"Wed, Nov 20, 2019",7:00p,San Antonio Spurs,132,Washington Wizards,138,Box Score,,"14,579",
204,"Wed, Nov 20, 2019",7:30p,Milwaukee Bucks,135,Atlanta Hawks,127,Box Score,,"16,441",
205,"Wed, Nov 20, 2019",7:30p,Charlotte Hornets,91,Brooklyn Nets,101,Box Score,,"14,011",
206,"Wed, Nov 20, 2019",7:30p,Golden State Warriors,94,Dallas Mavericks,142,Box Score,,"19,569",
207,"Wed, Nov 20, 2019",7:30p,Cleveland Cavaliers,100,Miami Heat,124,Box Score,,"19,600",
208,"Wed, Nov 20, 2019",7:30p,Orlando Magic,97,Toronto Raptors,113,Box Score,,"19,800",
209,"Wed, Nov 20, 2019",8:00p,Detroit Pistons,89,Chicago Bulls,109,Box Score,,"18,119",
210,"Wed, Nov 20, 2019",8:00p,Utah Jazz,103,Minnesota Timberwolves,95,Box Score,,"13,177",
211,"Wed, Nov 20, 2019",9:00p,Houston Rockets,95,Denver Nuggets,105,Box Score,,"17,778",
212,"Thu, Nov 21, 2019",10:00p,Boston Celtics,104,Los Angeles Clippers,107,Box Score,OT,"19,068",
213,"Thu, Nov 21, 2019",8:00p,Portland Trail Blazers,129,Milwaukee Bucks,137,Box Score,,"17,385",
214,"Fri, Nov 22, 2019",10:30p,New Orleans Pelicans,124,Phoenix Suns,121,Box Score,,"13,903",
215,"Fri, Nov 22, 2019",7:00p,Atlanta Hawks,103,Detroit Pistons,128,Box Score,,"15,399",
216,"Fri, Nov 22, 2019",7:00p,Charlotte Hornets,118,Washington Wizards,125,Box Score,,"15,053",
217,"Fri, Nov 22, 2019",7:30p,Sacramento Kings,97,Brooklyn Nets,116,Box Score,,"15,619",
218,"Fri, Nov 22, 2019",8:00p,Miami Heat,116,Chicago Bulls,108,Box Score,,"18,953",
219,"Fri, Nov 22, 2019",8:00p,Los Angeles Lakers,130,Oklahoma City Thunder,127,Box Score,,"18,203",
220,"Fri, Nov 22, 2019",8:00p,San Antonio Spurs,104,Philadelphia 76ers,115,Box Score,,"20,927",
221,"Fri, Nov 22, 2019",8:30p,Cleveland Cavaliers,101,Dallas Mavericks,143,Box Score,,"19,639",
222,"Fri, Nov 22, 2019",9:00p,Boston Celtics,92,Denver Nuggets,96,Box Score,,"19,520",
223,"Fri, Nov 22, 2019",9:00p,Golden State Warriors,109,Utah Jazz,113,Box Score,,"18,306",
224,"Sat, Nov 23, 2019",10:30p,Houston Rockets,119,Los Angeles Clippers,122,Box Score,,"19,068",
225,"Sat, Nov 23, 2019",5:00p,Phoenix Suns,100,Minnesota Timberwolves,98,Box Score,,"17,362",
226,"Sat, Nov 23, 2019",7:00p,Chicago Bulls,116,Charlotte Hornets,115,Box Score,,"17,891",
227,"Sat, Nov 23, 2019",7:00p,Orlando Magic,106,Indiana Pacers,111,Box Score,,"16,446",
228,"Sat, Nov 23, 2019",7:30p,Toronto Raptors,119,Atlanta Hawks,116,Box Score,,"16,931",
229,"Sat, Nov 23, 2019",7:30p,San Antonio Spurs,111,New York Knicks,104,Box Score,,"19,320",
230,"Sat, Nov 23, 2019",7:30p,Miami Heat,86,Philadelphia 76ers,113,Box Score,,"21,017",
231,"Sat, Nov 23, 2019",8:00p,Portland Trail Blazers,104,Cleveland Cavaliers,110,Box Score,,"19,432",
232,"Sat, Nov 23, 2019",8:00p,Los Angeles Lakers,109,Memphis Grizzlies,108,Box Score,,"17,794",
233,"Sat, Nov 23, 2019",8:30p,Detroit Pistons,90,Milwaukee Bucks,104,Box Score,,"17,585",
234,"Sun, Nov 24, 2019",9:00p,New Orleans Pelicans,120,Utah Jazz,128,Box Score,,"18,306",
235,"Sun, Nov 24, 2019",3:30p,Dallas Mavericks,137,Houston Rockets,123,Box Score,,"18,055",
236,"Sun, Nov 24, 2019",6:00p,Brooklyn Nets,103,New York Knicks,101,Box Score,,"18,770",
237,"Sun, Nov 24, 2019",6:00p,Sacramento Kings,113,Washington Wizards,106,Box Score,,"15,885",
238,"Sun, Nov 24, 2019",8:00p,Phoenix Suns,104,Denver Nuggets,116,Box Score,,"19,520",
239,"Mon, Nov 25, 2019",9:00p,New Orleans Pelicans,109,Los Angeles Clippers,134,Box Score,,"19,068",
240,"Mon, Nov 25, 2019",7:00p,Brooklyn Nets,108,Cleveland Cavaliers,106,Box Score,,"17,143",
241,"Mon, Nov 25, 2019",7:00p,Orlando Magic,88,Detroit Pistons,103,Box Score,,"14,695",
242,"Mon, Nov 25, 2019",7:00p,Memphis Grizzlies,114,Indiana Pacers,126,Box Score,,"15,141",
243,"Mon, Nov 25, 2019",7:30p,Minnesota Timberwolves,125,Atlanta Hawks,113,Box Score,,"16,218",
244,"Mon, Nov 25, 2019",7:30p,Sacramento Kings,102,Boston Celtics,103,Box Score,,"19,156",
245,"Mon, Nov 25, 2019",7:30p,Charlotte Hornets,100,Miami Heat,117,Box Score,,"19,600",
246,"Mon, Nov 25, 2019",7:30p,Philadelphia 76ers,96,Toronto Raptors,101,Box Score,,"19,800",
247,"Mon, Nov 25, 2019",8:00p,Portland Trail Blazers,117,Chicago Bulls,94,Box Score,,"18,776",
248,"Mon, Nov 25, 2019",8:00p,Utah Jazz,118,Milwaukee Bucks,122,Box Score,,"17,385",
249,"Mon, Nov 25, 2019",8:30p,Los Angeles Lakers,114,San Antonio Spurs,104,Box Score,,"18,498",
250,"Tue, Nov 26, 2019",10:30p,Oklahoma City Thunder,100,Golden State Warriors,97,Box Score,,"18,064",
251,"Tue, Nov 26, 2019",8:30p,Los Angeles Clippers,114,Dallas Mavericks,99,Box Score,,"20,407",
252,"Wed, Nov 27, 2019",9:00p,Washington Wizards,104,Denver Nuggets,117,Box Score,,"18,673",
253,"Wed, Nov 27, 2019",7:00p,Brooklyn Nets,110,Boston Celtics,121,Box Score,,"19,156",
254,"Wed, Nov 27, 2019",7:00p,Detroit Pistons,101,Charlotte Hornets,102,Box Score,,"15,535",
255,"Wed, Nov 27, 2019",7:00p,Orlando Magic,116,Cleveland Cavaliers,104,Box Score,,"17,712",
256,"Wed, Nov 27, 2019",7:00p,Utah Jazz,102,Indiana Pacers,121,Box Score,,"17,027",
257,"Wed, Nov 27, 2019",7:00p,Sacramento Kings,91,Philadelphia 76ers,97,Box Score,,"20,592",
258,"Wed, Nov 27, 2019",7:30p,New York Knicks,98,Toronto Raptors,126,Box Score,,"19,800",
259,"Wed, Nov 27, 2019",8:00p,Miami Heat,108,Houston Rockets,117,Box Score,,"18,055",
260,"Wed, Nov 27, 2019",8:00p,Los Angeles Clippers,121,Memphis Grizzlies,119,Box Score,,"16,721",
261,"Wed, Nov 27, 2019",8:00p,Atlanta Hawks,102,Milwaukee Bucks,111,Box Score,,"17,525",
262,"Wed, Nov 27, 2019",8:30p,Minnesota Timberwolves,113,San Antonio Spurs,101,Box Score,,"18,354",
263,"Wed, Nov 27, 2019",9:00p,Washington Wizards,140,Phoenix Suns,132,Box Score,,"14,123",
264,"Wed, Nov 27, 2019",9:30p,Los Angeles Lakers,114,New Orleans Pelicans,110,Box Score,,"18,626",
265,"Wed, Nov 27, 2019",10:00p,Oklahoma City Thunder,119,Portland Trail Blazers,136,Box Score,,"19,870",
266,"Fri, Nov 29, 2019",10:30p,Chicago Bulls,90,Golden State Warriors,104,Box Score,,"18,064",
267,"Fri, Nov 29, 2019",12:00p,Boston Celtics,107,Brooklyn Nets,112,Box Score,,"17,732",
268,"Fri, Nov 29, 2019",7:00p,Charlotte Hornets,110,Detroit Pistons,107,Box Score,,"15,006",
269,"Fri, Nov 29, 2019",7:00p,Toronto Raptors,90,Orlando Magic,83,Box Score,,"17,014",
270,"Fri, Nov 29, 2019",7:30p,Milwaukee Bucks,119,Cleveland Cavaliers,110,Box Score,,"19,432",
271,"Fri, Nov 29, 2019",7:30p,Philadelphia 76ers,101,New York Knicks,95,Box Score,,"18,109",
272,"Fri, Nov 29, 2019",8:00p,Atlanta Hawks,104,Indiana Pacers,105,Box Score,OT,"15,827",
273,"Fri, Nov 29, 2019",8:00p,Utah Jazz,103,Memphis Grizzlies,94,Box Score,,"16,605",
274,"Fri, Nov 29, 2019",8:00p,Golden State Warriors,105,Miami Heat,122,Box Score,,"19,600",
275,"Fri, Nov 29, 2019",8:00p,New Orleans Pelicans,104,Oklahoma City Thunder,109,Box Score,,"18,203",
276,"Fri, Nov 29, 2019",8:30p,Los Angeles Clippers,97,San Antonio Spurs,107,Box Score,,"18,354",
277,"Fri, Nov 29, 2019",9:00p,Dallas Mavericks,120,Phoenix Suns,113,Box Score,,"18,055",
278,"Fri, Nov 29, 2019",10:00p,Chicago Bulls,103,Portland Trail Blazers,107,Box Score,,"20,139",
279,"Sat, Nov 30, 2019",10:30p,Washington Wizards,103,Los Angeles Lakers,125,Box Score,,"18,997",
280,"Sat, Nov 30, 2019",5:00p,Denver Nuggets,97,Sacramento Kings,100,Box Score,OT,"17,583",
281,"Sat, Nov 30, 2019",7:00p,Indiana Pacers,116,Philadelphia 76ers,119,Box Score,,"20,517",
282,"Sat, Nov 30, 2019",8:00p,Atlanta Hawks,111,Houston Rockets,158,Box Score,,"18,055",
283,"Sun, Dec 1, 2019",,,,,,,,,
284,"Sun, Dec 1, 2019",3:00p,Miami Heat,109,Brooklyn Nets,106,Box Score,,"17,026",
285,"Sun, Dec 1, 2019",3:30p,Memphis Grizzlies,115,Minnesota Timberwolves,107,Box Score,,"12,276",
286,"Sun, Dec 1, 2019",3:30p,Boston Celtics,113,New York Knicks,104,Box Score,,"18,005",
287,"Sun, Dec 1, 2019",4:00p,Dallas Mavericks,114,Los Angeles Lakers,100,Box Score,,"18,997",
288,"Sun, Dec 1, 2019",5:00p,San Antonio Spurs,98,Detroit Pistons,132,Box Score,,"14,270",
289,"Sun, Dec 1, 2019",5:00p,Oklahoma City Thunder,107,New Orleans Pelicans,104,Box Score,,"15,427",
290,"Sun, Dec 1, 2019",6:00p,Golden State Warriors,96,Orlando Magic,100,Box Score,,"15,052",
291,"Sun, Dec 1, 2019",6:00p,Utah Jazz,110,Toronto Raptors,130,Box Score,,"18,132",
292,"Mon, Dec 2, 2019",10:30p,Washington Wizards,125,Los Angeles Clippers,150,Box Score,,"19,068",
293,"Mon, Dec 2, 2019",7:00p,Phoenix Suns,109,Charlotte Hornets,104,Box Score,,"11,221",
294,"Mon, Dec 2, 2019",7:00p,Utah Jazz,94,Philadelphia 76ers,103,Box Score,,"20,208",
295,"Mon, Dec 2, 2019",7:30p,Golden State Warriors,79,Atlanta Hawks,104,Box Score,,"14,278",
296,"Mon, Dec 2, 2019",8:00p,Indiana Pacers,117,Memphis Grizzlies,104,Box Score,,"11,919",
297,"Mon, Dec 2, 2019",8:00p,New York Knicks,88,Milwaukee Bucks,132,Box Score,,"17,385",
298,"Tue, Dec 3, 2019",10:00p,Chicago Bulls,113,Sacramento Kings,106,Box Score,,"17,257",
299,"Tue, Dec 3, 2019",7:00p,Detroit Pistons,127,Cleveland Cavaliers,94,Box Score,,"17,504",
300,"Tue, Dec 3, 2019",7:00p,Orlando Magic,127,Washington Wizards,120,Box Score,,"13,159",
301,"Tue, Dec 3, 2019",7:30p,Dallas Mavericks,118,New Orleans Pelicans,97,Box Score,,"14,664",
302,"Tue, Dec 3, 2019",7:30p,Miami Heat,121,Toronto Raptors,110,Box Score,OT,"19,800",
303,"Tue, Dec 3, 2019",8:30p,Houston Rockets,133,San Antonio Spurs,135,Box Score,2OT,"18,354",
304,"Tue, Dec 3, 2019",9:00p,Los Angeles Lakers,105,Denver Nuggets,96,Box Score,,"19,658",
305,"Wed, Dec 4, 2019",10:00p,Portland Trail Blazers,97,Los Angeles Clippers,117,Box Score,,"19,068",
306,"Wed, Dec 4, 2019",7:00p,Golden State Warriors,91,Charlotte Hornets,106,Box Score,,"14,355",
307,"Wed, Dec 4, 2019",7:00p,Milwaukee Bucks,127,Detroit Pistons,103,Box Score,,"15,742",
308,"Wed, Dec 4, 2019",7:00p,Phoenix Suns,114,Orlando Magic,128,Box Score,,"15,176",
309,"Wed, Dec 4, 2019",7:30p,Brooklyn Nets,130,Atlanta Hawks,118,Box Score,,"15,694",
310,"Wed, Dec 4, 2019",7:30p,Miami Heat,93,Boston Celtics,112,Box Score,,"19,156",
311,"Wed, Dec 4, 2019",8:00p,Memphis Grizzlies,99,Chicago Bulls,106,Box Score,,"15,017",
312,"Wed, Dec 4, 2019",8:00p,Indiana Pacers,107,Oklahoma City Thunder,100,Box Score,,"18,203",
313,"Wed, Dec 4, 2019",8:30p,Minnesota Timberwolves,114,Dallas Mavericks,121,Box Score,,"19,671",
314,"Wed, Dec 4, 2019",9:00p,Los Angeles Lakers,121,Utah Jazz,96,Box Score,,"18,306",
315,"Thu, Dec 5, 2019",10:00p,Sacramento Kings,116,Portland Trail Blazers,127,Box Score,,"19,393",
316,"Thu, Dec 5, 2019",7:00p,Philadelphia 76ers,113,Washington Wizards,119,Box Score,,"16,554",
317,"Thu, Dec 5, 2019",7:30p,Denver Nuggets,129,New York Knicks,92,Box Score,,"18,171",
318,"Thu, Dec 5, 2019",7:30p,Houston Rockets,119,Toronto Raptors,109,Box Score,,"19,800",
319,"Fri, Dec 6, 2019",8:00p,Phoenix Suns,139,New Orleans Pelicans,132,Box Score,OT,"15,607",
320,"Fri, Dec 6, 2019",7:00p,Brooklyn Nets,111,Charlotte Hornets,104,Box Score,,"15,075",
321,"Fri, Dec 6, 2019",7:00p,Orlando Magic,93,Cleveland Cavaliers,87,Box Score,,"18,446",
322,"Fri, Dec 6, 2019",7:00p,Indiana Pacers,101,Detroit Pistons,108,Box Score,,"14,894",
323,"Fri, Dec 6, 2019",8:00p,Denver Nuggets,95,Boston Celtics,108,Box Score,,"19,156",
324,"Fri, Dec 6, 2019",8:00p,Golden State Warriors,100,Chicago Bulls,98,Box Score,,"18,841",
325,"Fri, Dec 6, 2019",8:00p,Washington Wizards,103,Miami Heat,112,Box Score,,"19,600",
326,"Fri, Dec 6, 2019",8:00p,Minnesota Timberwolves,127,Oklahoma City Thunder,139,Box Score,OT,"18,203",
327,"Fri, Dec 6, 2019",8:30p,Los Angeles Clippers,91,Milwaukee Bucks,119,Box Score,,"17,732",
328,"Fri, Dec 6, 2019",8:30p,Sacramento Kings,104,San Antonio Spurs,105,Box Score,OT,"18,354",
329,"Sat, Dec 7, 2019",10:30p,Los Angeles Lakers,136,Portland Trail Blazers,113,Box Score,,"19,912",
330,"Sat, Dec 7, 2019",2:00p,New Orleans Pelicans,84,Dallas Mavericks,130,Box Score,,"19,456",
331,"Sat, Dec 7, 2019",7:30p,Indiana Pacers,104,New York Knicks,103,Box Score,,"19,110",
332,"Sat, Dec 7, 2019",7:30p,Cleveland Cavaliers,94,Philadelphia 76ers,141,Box Score,,"20,844",
333,"Sat, Dec 7, 2019",8:00p,Phoenix Suns,109,Houston Rockets,115,Box Score,,"18,055",
334,"Sun, Dec 8, 2019",10:00p,Memphis Grizzlies,112,Utah Jazz,126,Box Score,,"18,306",
335,"Sun, Dec 8, 2019",3:00p,Denver Nuggets,102,Brooklyn Nets,105,Box Score,,"16,679",
336,"Sun, Dec 8, 2019",5:00p,Atlanta Hawks,122,Charlotte Hornets,107,Box Score,,"15,489",
337,"Sun, Dec 8, 2019",6:00p,Chicago Bulls,105,Miami Heat,110,Box Score,OT,"19,600",
338,"Sun, Dec 8, 2019",6:00p,Toronto Raptors,104,Philadelphia 76ers,110,Box Score,,"20,313",
339,"Sun, Dec 8, 2019",6:00p,Los Angeles Clippers,135,Washington Wizards,119,Box Score,,"15,946",
340,"Sun, Dec 8, 2019",7:00p,Sacramento Kings,110,Dallas Mavericks,106,Box Score,,"19,566",
341,"Sun, Dec 8, 2019",9:00p,Oklahoma City Thunder,108,Portland Trail Blazers,96,Box Score,,"19,393",
342,"Mon, Dec 9, 2019",9:30p,Minnesota Timberwolves,125,Los Angeles Lakers,142,Box Score,,"18,997",
343,"Mon, Dec 9, 2019",7:00p,Los Angeles Clippers,110,Indiana Pacers,99,Box Score,,"14,644",
344,"Mon, Dec 9, 2019",7:30p,Cleveland Cavaliers,88,Boston Celtics,110,Box Score,,"19,156",
345,"Mon, Dec 9, 2019",8:00p,Toronto Raptors,93,Chicago Bulls,92,Box Score,,"14,775",
346,"Mon, Dec 9, 2019",8:00p,Sacramento Kings,119,Houston Rockets,118,Box Score,,"18,055",
347,"Mon, Dec 9, 2019",8:00p,Orlando Magic,101,Milwaukee Bucks,110,Box Score,,"17,385",
348,"Mon, Dec 9, 2019",8:00p,Detroit Pistons,105,New Orleans Pelicans,103,Box Score,,"13,694",
349,"Mon, Dec 9, 2019",9:00p,Minnesota Timberwolves,109,Phoenix Suns,125,Box Score,,"13,230",
350,"Mon, Dec 9, 2019",9:00p,Oklahoma City Thunder,104,Utah Jazz,90,Box Score,,"18,306",
351,"Tue, Dec 10, 2019",10:30p,Memphis Grizzlies,110,Golden State Warriors,102,Box Score,,"18,064",
352,"Tue, Dec 10, 2019",7:00p,Washington Wizards,107,Charlotte Hornets,114,Box Score,,"10,626",
353,"Tue, Dec 10, 2019",8:00p,Atlanta Hawks,121,Miami Heat,135,Box Score,OT,"19,600",
354,"Tue, Dec 10, 2019",8:00p,Denver Nuggets,92,Philadelphia 76ers,97,Box Score,,"20,591",
355,"Wed, Dec 11, 2019",10:00p,New York Knicks,87,Portland Trail Blazers,115,Box Score,,"19,393",
356,"Wed, Dec 11, 2019",7:00p,Houston Rockets,116,Cleveland Cavaliers,110,Box Score,,"17,122",
357,"Wed, Dec 11, 2019",7:00p,Boston Celtics,117,Indiana Pacers,122,Box Score,,"15,637",
358,"Wed, Dec 11, 2019",7:00p,Los Angeles Lakers,96,Orlando Magic,87,Box Score,,"18,846",
359,"Wed, Dec 11, 2019",7:00p,Los Angeles Clippers,112,Toronto Raptors,92,Box Score,,"20,144",
360,"Wed, Dec 11, 2019",7:30p,Charlotte Hornets,113,Brooklyn Nets,108,Box Score,,"15,631",
361,"Wed, Dec 11, 2019",8:00p,Atlanta Hawks,102,Chicago Bulls,136,Box Score,,"15,084",
362,"Wed, Dec 11, 2019",8:00p,Utah Jazz,127,Minnesota Timberwolves,116,Box Score,,"12,369",
363,"Wed, Dec 11, 2019",9:00p,Memphis Grizzlies,115,Phoenix Suns,108,Box Score,,"12,254",
364,"Wed, Dec 11, 2019",9:30p,New Orleans Pelicans,112,Milwaukee Bucks,127,Box Score,,"17,385",
365,"Wed, Dec 11, 2019",10:00p,Oklahoma City Thunder,93,Sacramento Kings,94,Box Score,,"16,723",
366,"Thu, Dec 12, 2019",10:30p,New York Knicks,124,Golden State Warriors,122,Box Score,OT,"18,064",
367,"Thu, Dec 12, 2019",8:00p,Philadelphia 76ers,115,Boston Celtics,109,Box Score,,"19,156",
368,"Thu, Dec 12, 2019",8:30p,Cleveland Cavaliers,117,San Antonio Spurs,109,Box Score,OT,"18,354",
369,"Thu, Dec 12, 2019",9:00p,Dallas Mavericks,122,Detroit Pistons,111,Box Score,,"20,064","at Mexico City, Mexico"
370,"Fri, Dec 13, 2019",10:30p,Portland Trail Blazers,99,Denver Nuggets,114,Box Score,,"18,828",
371,"Fri, Dec 13, 2019",7:00p,Los Angeles Lakers,113,Miami Heat,110,Box Score,,"20,013",
372,"Fri, Dec 13, 2019",7:00p,Houston Rockets,130,Orlando Magic,107,Box Score,,"16,335",
373,"Fri, Dec 13, 2019",7:00p,New Orleans Pelicans,109,Philadelphia 76ers,116,Box Score,,"20,620",
374,"Fri, Dec 13, 2019",7:30p,Indiana Pacers,110,Atlanta Hawks,100,Box Score,,"15,121",
375,"Fri, Dec 13, 2019",8:00p,Charlotte Hornets,83,Chicago Bulls,73,Box Score,,"18,377",
376,"Fri, Dec 13, 2019",8:00p,Milwaukee Bucks,127,Memphis Grizzlies,114,Box Score,,"16,109",
377,"Fri, Dec 13, 2019",9:00p,Golden State Warriors,106,Utah Jazz,114,Box Score,,"18,306",
378,"Fri, Dec 13, 2019",9:30p,Los Angeles Clippers,124,Minnesota Timberwolves,117,Box Score,,"17,585",
379,"Sat, Dec 14, 2019",10:00p,New York Knicks,103,Sacramento Kings,101,Box Score,,"17,583",
380,"Sat, Dec 14, 2019",5:00p,San Antonio Spurs,121,Phoenix Suns,119,Box Score,OT,"20,013","at Mexico City, Mexico"
381,"Sat, Dec 14, 2019",7:30p,Brooklyn Nets,102,Toronto Raptors,110,Box Score,,"19,800",
382,"Sat, Dec 14, 2019",8:00p,Los Angeles Clippers,106,Chicago Bulls,109,Box Score,,"18,426",
383,"Sat, Dec 14, 2019",8:00p,Washington Wizards,111,Memphis Grizzlies,128,Box Score,,"15,631",
384,"Sat, Dec 14, 2019",8:30p,Miami Heat,122,Dallas Mavericks,118,Box Score,OT,"20,333",
385,"Sat, Dec 14, 2019",8:30p,Cleveland Cavaliers,108,Milwaukee Bucks,125,Box Score,,"17,481",
386,"Sat, Dec 14, 2019",9:00p,Oklahoma City Thunder,102,Denver Nuggets,110,Box Score,,"19,520",
387,"Sun, Dec 15, 2019",9:00p,Detroit Pistons,115,Houston Rockets,107,Box Score,,"18,055",
388,"Sun, Dec 15, 2019",3:30p,Orlando Magic,130,New Orleans Pelicans,119,Box Score,,"15,388",
389,"Sun, Dec 15, 2019",5:00p,Charlotte Hornets,85,Indiana Pacers,107,Box Score,,"16,061",
390,"Sun, Dec 15, 2019",6:00p,Los Angeles Lakers,101,Atlanta Hawks,96,Box Score,,"16,962",
391,"Sun, Dec 15, 2019",6:00p,Philadelphia 76ers,89,Brooklyn Nets,109,Box Score,,"17,732",
392,"Sun, Dec 15, 2019",8:00p,New York Knicks,105,Denver Nuggets,111,Box Score,,"18,867",
393,"Mon, Dec 16, 2019",8:30p,Sacramento Kings,100,Golden State Warriors,79,Box Score,,"18,064",
394,"Mon, Dec 16, 2019",7:00p,Washington Wizards,133,Detroit Pistons,119,Box Score,,"14,632",
395,"Mon, Dec 16, 2019",7:30p,Cleveland Cavaliers,113,Toronto Raptors,133,Box Score,,"19,800",
396,"Mon, Dec 16, 2019",8:00p,San Antonio Spurs,107,Houston Rockets,109,Box Score,,"18,055",
397,"Mon, Dec 16, 2019",8:00p,Miami Heat,111,Memphis Grizzlies,118,Box Score,,"14,021",
398,"Mon, Dec 16, 2019",8:00p,Dallas Mavericks,120,Milwaukee Bucks,116,Box Score,,"17,727",
399,"Mon, Dec 16, 2019",8:00p,Chicago Bulls,106,Oklahoma City Thunder,109,Box Score,,"18,203",
400,"Tue, Dec 17, 2019",9:00p,Portland Trail Blazers,111,Phoenix Suns,110,Box Score,,"14,193",
401,"Tue, Dec 17, 2019",7:00p,Sacramento Kings,102,Charlotte Hornets,110,Box Score,,"13,229",
402,"Tue, Dec 17, 2019",7:00p,Los Angeles Lakers,102,Indiana Pacers,105,Box Score,,"17,923",
403,"Tue, Dec 17, 2019",7:30p,Atlanta Hawks,120,New York Knicks,143,Box Score,,"18,268",
404,"Tue, Dec 17, 2019",8:00p,Brooklyn Nets,108,New Orleans Pelicans,101,Box Score,OT,"15,177",
405,"Tue, Dec 17, 2019",9:00p,Orlando Magic,102,Utah Jazz,109,Box Score,,"18,306",
406,"Wed, Dec 18, 2019",10:30p,Phoenix Suns,99,Los Angeles Clippers,120,Box Score,,"19,068",
407,"Wed, Dec 18, 2019",7:00p,Charlotte Hornets,98,Cleveland Cavaliers,100,Box Score,,"17,023",
408,"Wed, Dec 18, 2019",7:00p,Toronto Raptors,112,Detroit Pistons,99,Box Score,,"15,319",
409,"Wed, Dec 18, 2019",7:00p,Miami Heat,108,Philadelphia 76ers,104,Box Score,,"20,715",
410,"Wed, Dec 18, 2019",7:00p,Chicago Bulls,110,Washington Wizards,109,Box Score,OT,"14,987",
411,"Wed, Dec 18, 2019",8:00p,New Orleans Pelicans,107,Minnesota Timberwolves,99,Box Score,,"12,490",
412,"Wed, Dec 18, 2019",8:00p,Memphis Grizzlies,122,Oklahoma City Thunder,126,Box Score,,"18,203",
413,"Wed, Dec 18, 2019",9:00p,Orlando Magic,104,Denver Nuggets,113,Box Score,,"18,182",
414,"Wed, Dec 18, 2019",9:30p,Boston Celtics,109,Dallas Mavericks,103,Box Score,,"20,181",
415,"Thu, Dec 19, 2019",10:00p,Golden State Warriors,112,Portland Trail Blazers,122,Box Score,,"19,393",
416,"Thu, Dec 19, 2019",7:30p,Utah Jazz,111,Atlanta Hawks,106,Box Score,,"16,739",
417,"Thu, Dec 19, 2019",8:00p,Los Angeles Lakers,104,Milwaukee Bucks,111,Box Score,,"18,051",
418,"Thu, Dec 19, 2019",8:30p,Brooklyn Nets,105,San Antonio Spurs,118,Box Score,,"18,354",
419,"Fri, Dec 20, 2019",10:30p,Houston Rockets,122,Los Angeles Clippers,117,Box Score,,"19,068",
420,"Fri, Dec 20, 2019",7:00p,Memphis Grizzlies,107,Cleveland Cavaliers,114,Box Score,,"19,432",
421,"Fri, Dec 20, 2019",7:00p,Sacramento Kings,105,Indiana Pacers,119,Box Score,,"14,649",
422,"Fri, Dec 20, 2019",7:30p,Detroit Pistons,93,Boston Celtics,114,Box Score,,"19,156",
423,"Fri, Dec 20, 2019",7:30p,Washington Wizards,118,Toronto Raptors,122,Box Score,,"19,800",
424,"Fri, Dec 20, 2019",8:00p,New York Knicks,114,Miami Heat,129,Box Score,,"19,704",
425,"Fri, Dec 20, 2019",8:00p,Phoenix Suns,108,Oklahoma City Thunder,126,Box Score,,"18,203",
426,"Fri, Dec 20, 2019",8:00p,Dallas Mavericks,117,Philadelphia 76ers,98,Box Score,,"20,778",
427,"Fri, Dec 20, 2019",9:00p,Minnesota Timberwolves,100,Denver Nuggets,109,Box Score,,"19,520",
428,"Fri, Dec 20, 2019",10:00p,Orlando Magic,103,Portland Trail Blazers,118,Box Score,,"19,393",
429,"Sat, Dec 21, 2019",10:30p,New Orleans Pelicans,102,Golden State Warriors,106,Box Score,,"18,064",
430,"Sat, Dec 21, 2019",5:00p,Utah Jazz,114,Charlotte Hornets,107,Box Score,,"16,187",
431,"Sat, Dec 21, 2019",6:00p,Atlanta Hawks,112,Brooklyn Nets,122,Box Score,,"16,496",
432,"Sat, Dec 21, 2019",7:00p,Chicago Bulls,119,Detroit Pistons,107,Box Score,,"15,948",
433,"Sat, Dec 21, 2019",7:00p,Washington Wizards,108,Philadelphia 76ers,125,Box Score,,"20,529",
434,"Sat, Dec 21, 2019",7:30p,Milwaukee Bucks,123,New York Knicks,102,Box Score,,"18,124",
435,"Sat, Dec 21, 2019",8:00p,Sacramento Kings,115,Memphis Grizzlies,119,Box Score,,"15,603",
436,"Sat, Dec 21, 2019",8:30p,Los Angeles Clippers,134,San Antonio Spurs,109,Box Score,,"18,354",
437,"Sat, Dec 21, 2019",9:00p,Houston Rockets,139,Phoenix Suns,125,Box Score,,"16,061",
438,"Sun, Dec 22, 2019",10:00p,Minnesota Timberwolves,106,Portland Trail Blazers,113,Box Score,,"19,393",
439,"Sun, Dec 22, 2019",3:30p,Dallas Mavericks,107,Toronto Raptors,110,Box Score,,"19,800",
440,"Sun, Dec 22, 2019",6:00p,Charlotte Hornets,93,Boston Celtics,119,Box Score,,"19,156",
441,"Sun, Dec 22, 2019",7:00p,Indiana Pacers,89,Milwaukee Bucks,117,Box Score,,"18,029",
442,"Sun, Dec 22, 2019",7:00p,Los Angeles Clippers,112,Oklahoma City Thunder,118,Box Score,,"18,203",
443,"Mon, Dec 23, 2019",9:30p,Denver Nuggets,128,Los Angeles Lakers,104,Box Score,,"18,997",
444,"Mon, Dec 23, 2019",7:00p,Atlanta Hawks,118,Cleveland Cavaliers,121,Box Score,,"18,007",
445,"Mon, Dec 23, 2019",7:00p,Philadelphia 76ers,125,Detroit Pistons,109,Box Score,,"16,476",
446,"Mon, Dec 23, 2019",7:00p,Toronto Raptors,115,Indiana Pacers,120,Box Score,OT,"17,164",
447,"Mon, Dec 23, 2019",7:00p,Washington Wizards,121,New York Knicks,115,Box Score,,"19,413",
448,"Mon, Dec 23, 2019",7:00p,Chicago Bulls,95,Orlando Magic,103,Box Score,,"18,846",
449,"Mon, Dec 23, 2019",7:30p,Utah Jazz,104,Miami Heat,107,Box Score,,"19,890",
450,"Mon, Dec 23, 2019",8:00p,San Antonio Spurs,145,Memphis Grizzlies,115,Box Score,,"16,776",
451,"Mon, Dec 23, 2019",9:00p,Denver Nuggets,113,Phoenix Suns,111,Box Score,,"16,041",
452,"Mon, Dec 23, 2019",10:00p,New Orleans Pelicans,102,Portland Trail Blazers,94,Box Score,,"19,499",
453,"Mon, Dec 23, 2019",10:00p,Houston Rockets,113,Sacramento Kings,104,Box Score,,"17,583",
454,"Wed, Dec 25, 2019",10:30p,Minnesota Timberwolves,104,Golden State Warriors,113,Box Score,,"18,064",
455,"Wed, Dec 25, 2019",12:00p,Boston Celtics,118,Toronto Raptors,102,Box Score,,"19,800",
456,"Wed, Dec 25, 2019",2:30p,Milwaukee Bucks,109,Philadelphia 76ers,121,Box Score,,"21,028",
457,"Wed, Dec 25, 2019",5:00p,Houston Rockets,104,Golden State Warriors,116,Box Score,,"18,064",
458,"Wed, Dec 25, 2019",8:00p,Los Angeles Clippers,111,Los Angeles Lakers,106,Box Score,,"18,997",
459,"Thu, Dec 26, 2019",10:30p,New Orleans Pelicans,112,Denver Nuggets,100,Box Score,,"19,520",
460,"Thu, Dec 26, 2019",7:00p,Washington Wizards,102,Detroit Pistons,132,Box Score,,"17,188",
461,"Thu, Dec 26, 2019",7:30p,New York Knicks,94,Brooklyn Nets,82,Box Score,,"17,732",
462,"Thu, Dec 26, 2019",8:00p,San Antonio Spurs,98,Dallas Mavericks,102,Box Score,,"20,427",
463,"Thu, Dec 26, 2019",8:00p,Memphis Grizzlies,110,Oklahoma City Thunder,97,Box Score,,"18,203",
464,"Thu, Dec 26, 2019",10:00p,Minnesota Timberwolves,105,Sacramento Kings,104,Box Score,2OT,"17,583",
465,"Fri, Dec 27, 2019",10:30p,Portland Trail Blazers,115,Utah Jazz,121,Box Score,,"18,306",
466,"Fri, Dec 27, 2019",4:00p,Cleveland Cavaliers,117,Boston Celtics,129,Box Score,,"19,156",
467,"Fri, Dec 27, 2019",7:00p,Oklahoma City Thunder,104,Charlotte Hornets,102,Box Score,OT,"18,418",
468,"Fri, Dec 27, 2019",7:00p,Philadelphia 76ers,97,Orlando Magic,98,Box Score,,"17,311",
469,"Fri, Dec 27, 2019",7:30p,Milwaukee Bucks,112,Atlanta Hawks,86,Box Score,,"17,358",
470,"Fri, Dec 27, 2019",8:00p,Indiana Pacers,112,Miami Heat,113,Box Score,,"19,767",
471,"Sat, Dec 28, 2019",10:30p,Phoenix Suns,96,Golden State Warriors,105,Box Score,,"18,064",
472,"Sat, Dec 28, 2019",5:00p,Memphis Grizzlies,110,Denver Nuggets,119,Box Score,,"19,697",
473,"Sat, Dec 28, 2019",7:00p,Toronto Raptors,113,Boston Celtics,97,Box Score,,"19,156",
474,"Sat, Dec 28, 2019",7:00p,Indiana Pacers,98,New Orleans Pelicans,120,Box Score,,"15,391",
475,"Sat, Dec 28, 2019",8:00p,Atlanta Hawks,81,Chicago Bulls,116,Box Score,,"21,496",
476,"Sat, Dec 28, 2019",8:00p,Brooklyn Nets,98,Houston Rockets,108,Box Score,,"18,306",
477,"Sat, Dec 28, 2019",8:00p,Philadelphia 76ers,116,Miami Heat,117,Box Score,OT,"19,865",
478,"Sat, Dec 28, 2019",8:00p,Cleveland Cavaliers,94,Minnesota Timberwolves,88,Box Score,,"15,411",
479,"Sat, Dec 28, 2019",8:00p,New York Knicks,107,Washington Wizards,100,Box Score,,"19,033",
480,"Sat, Dec 28, 2019",8:30p,Dallas Mavericks,141,Golden State Warriors,121,Box Score,,"18,064",
481,"Sat, Dec 28, 2019",8:30p,Orlando Magic,100,Milwaukee Bucks,111,Box Score,,"17,920",
482,"Sat, Dec 28, 2019",8:30p,Detroit Pistons,109,San Antonio Spurs,136,Box Score,,"18,524",
483,"Sat, Dec 28, 2019",9:00p,Phoenix Suns,112,Sacramento Kings,110,Box Score,,"17,583",
484,"Sat, Dec 28, 2019",10:00p,Los Angeles Lakers,128,Portland Trail Blazers,120,Box Score,,"19,960",
485,"Sun, Dec 29, 2019",10:30p,Utah Jazz,120,Los Angeles Clippers,107,Box Score,,"19,068",
486,"Sun, Dec 29, 2019",6:00p,Oklahoma City Thunder,98,Toronto Raptors,97,Box Score,,"19,800",
487,"Sun, Dec 29, 2019",8:00p,Sacramento Kings,115,Denver Nuggets,120,Box Score,,"19,520",
488,"Sun, Dec 29, 2019",8:00p,Charlotte Hornets,104,Memphis Grizzlies,117,Box Score,,"16,842",
489,"Sun, Dec 29, 2019",8:00p,Houston Rockets,112,New Orleans Pelicans,127,Box Score,,"17,712",
490,"Mon, Dec 30, 2019",9:30p,Dallas Mavericks,95,Los Angeles Lakers,108,Box Score,,"18,997",
491,"Mon, Dec 30, 2019",7:00p,Atlanta Hawks,101,Orlando Magic,93,Box Score,,"17,784",
492,"Mon, Dec 30, 2019",7:00p,Miami Heat,105,Washington Wizards,123,Box Score,,"20,476",
493,"Mon, Dec 30, 2019",8:00p,Milwaukee Bucks,123,Chicago Bulls,102,Box Score,,"21,954",
494,"Mon, Dec 30, 2019",8:00p,Brooklyn Nets,115,Minnesota Timberwolves,122,Box Score,OT,"15,824",
495,"Mon, Dec 30, 2019",9:00p,Detroit Pistons,81,Utah Jazz,104,Box Score,,"18,306",
496,"Tue, Dec 31, 2019",10:00p,Phoenix Suns,122,Portland Trail Blazers,116,Box Score,,"19,896",
497,"Tue, Dec 31, 2019",3:00p,Boston Celtics,109,Charlotte Hornets,92,Box Score,,"19,216",
498,"Tue, Dec 31, 2019",3:00p,Philadelphia 76ers,97,Indiana Pacers,115,Box Score,,"17,923",
499,"Tue, Dec 31, 2019",5:00p,Los Angeles Clippers,105,Sacramento Kings,87,Box Score,,"16,231",
500,"Tue, Dec 31, 2019",7:00p,Denver Nuggets,104,Houston Rockets,130,Box Score,,"18,055",
501,"Tue, Dec 31, 2019",7:00p,Golden State Warriors,113,San Antonio Spurs,117,Box Score,OT,"18,354",
502,"Tue, Dec 31, 2019",7:00p,Cleveland Cavaliers,97,Toronto Raptors,117,Box Score,,"19,800",
503,"Wed, Jan 1, 2020",,,,,,,,,
504,"Wed, Jan 1, 2020",6:00p,Orlando Magic,122,Washington Wizards,101,Box Score,,"14,921",
505,"Wed, Jan 1, 2020",7:30p,Portland Trail Blazers,93,New York Knicks,117,Box Score,,"19,812",
506,"Wed, Jan 1, 2020",8:00p,Minnesota Timberwolves,104,Milwaukee Bucks,106,Box Score,,"17,819",
507,"Thu, Jan 2, 2020",10:30p,Phoenix Suns,107,Los Angeles Lakers,117,Box Score,,"18,997",
508,"Thu, Jan 2, 2020",7:00p,Charlotte Hornets,109,Cleveland Cavaliers,106,Box Score,,"17,859",
509,"Thu, Jan 2, 2020",7:00p,Denver Nuggets,124,Indiana Pacers,116,Box Score,,"16,688",
510,"Thu, Jan 2, 2020",7:30p,Toronto Raptors,76,Miami Heat,84,Box Score,,"19,939",
511,"Thu, Jan 2, 2020",8:00p,Utah Jazz,102,Chicago Bulls,98,Box Score,,"19,398",
512,"Thu, Jan 2, 2020",8:00p,Golden State Warriors,84,Minnesota Timberwolves,99,Box Score,,"15,477",
513,"Thu, Jan 2, 2020",8:30p,Brooklyn Nets,111,Dallas Mavericks,123,Box Score,,"20,289",
514,"Thu, Jan 2, 2020",8:30p,Oklahoma City Thunder,109,San Antonio Spurs,103,Box Score,,"18,354",
515,"Thu, Jan 2, 2020",10:00p,Memphis Grizzlies,123,Sacramento Kings,128,Box Score,,"17,351",
516,"Fri, Jan 3, 2020",10:30p,Detroit Pistons,112,Los Angeles Clippers,126,Box Score,,"19,068",
517,"Fri, Jan 3, 2020",7:00p,Atlanta Hawks,106,Boston Celtics,109,Box Score,,"19,156",
518,"Fri, Jan 3, 2020",7:00p,Miami Heat,85,Orlando Magic,105,Box Score,,"17,198",
519,"Fri, Jan 3, 2020",7:00p,Portland Trail Blazers,122,Washington Wizards,103,Box Score,,"17,945",
520,"Fri, Jan 3, 2020",8:00p,Philadelphia 76ers,108,Houston Rockets,118,Box Score,,"18,055",
521,"Fri, Jan 3, 2020",9:00p,New York Knicks,112,Phoenix Suns,120,Box Score,,"18,055",
522,"Sat, Jan 4, 2020",10:30p,New Orleans Pelicans,113,Los Angeles Lakers,123,Box Score,,"18,997",
523,"Sat, Jan 4, 2020",3:30p,Memphis Grizzlies,140,Los Angeles Clippers,114,Box Score,,"19,068",
524,"Sat, Jan 4, 2020",6:00p,Toronto Raptors,121,Brooklyn Nets,102,Box Score,,"17,732",
525,"Sat, Jan 4, 2020",7:00p,Utah Jazz,109,Orlando Magic,96,Box Score,,"16,913",
526,"Sat, Jan 4, 2020",7:30p,Indiana Pacers,111,Atlanta Hawks,116,Box Score,,"16,420",
527,"Sat, Jan 4, 2020",7:30p,Oklahoma City Thunder,121,Cleveland Cavaliers,106,Box Score,,"19,432",
528,"Sat, Jan 4, 2020",8:00p,Boston Celtics,111,Chicago Bulls,104,Box Score,,"21,130",
529,"Sat, Jan 4, 2020",8:00p,Denver Nuggets,114,Washington Wizards,128,Box Score,,"16,233",
530,"Sat, Jan 4, 2020",8:30p,Charlotte Hornets,123,Dallas Mavericks,120,Box Score,OT,"20,327",
531,"Sat, Jan 4, 2020",8:30p,Detroit Pistons,111,Golden State Warriors,104,Box Score,,"18,064",
532,"Sat, Jan 4, 2020",8:30p,San Antonio Spurs,118,Milwaukee Bucks,127,Box Score,,"18,002",
533,"Sun, Jan 5, 2020",10:00p,New Orleans Pelicans,117,Sacramento Kings,115,Box Score,,"16,808",
534,"Sun, Jan 5, 2020",3:30p,New York Knicks,132,Los Angeles Clippers,135,Box Score,,"19,068",
535,"Sun, Jan 5, 2020",6:00p,Portland Trail Blazers,111,Miami Heat,122,Box Score,,"19,846",
536,"Sun, Jan 5, 2020",7:30p,Minnesota Timberwolves,118,Cleveland Cavaliers,103,Box Score,,"16,159",
537,"Sun, Jan 5, 2020",8:00p,Memphis Grizzlies,121,Phoenix Suns,114,Box Score,,"14,181",
538,"Mon, Jan 6, 2020",10:00p,Detroit Pistons,99,Los Angeles Lakers,106,Box Score,,"18,997",
539,"Mon, Jan 6, 2020",7:00p,Indiana Pacers,115,Charlotte Hornets,104,Box Score,,"13,009",
540,"Mon, Jan 6, 2020",7:00p,Brooklyn Nets,89,Orlando Magic,101,Box Score,,"15,008",
541,"Mon, Jan 6, 2020",7:00p,Oklahoma City Thunder,113,Philadelphia 76ers,120,Box Score,,"20,561",
542,"Mon, Jan 6, 2020",7:00p,Boston Celtics,94,Washington Wizards,99,Box Score,,"17,963",
543,"Mon, Jan 6, 2020",7:30p,Denver Nuggets,123,Atlanta Hawks,115,Box Score,,"15,286",
544,"Mon, Jan 6, 2020",8:00p,Utah Jazz,128,New Orleans Pelicans,126,Box Score,,"14,138",
545,"Mon, Jan 6, 2020",8:30p,Chicago Bulls,110,Dallas Mavericks,118,Box Score,,"20,238",
546,"Mon, Jan 6, 2020",8:30p,Milwaukee Bucks,104,San Antonio Spurs,126,Box Score,,"18,354",
547,"Tue, Jan 7, 2020",10:00p,Golden State Warriors,98,Sacramento Kings,111,Box Score,,"15,819",
548,"Tue, Jan 7, 2020",7:00p,Detroit Pistons,115,Cleveland Cavaliers,113,Box Score,,"17,274",
549,"Tue, Jan 7, 2020",7:00p,Portland Trail Blazers,101,Toronto Raptors,99,Box Score,,"19,800",
550,"Tue, Jan 7, 2020",7:30p,Oklahoma City Thunder,111,Brooklyn Nets,103,Box Score,OT,"15,677",
551,"Tue, Jan 7, 2020",8:00p,Minnesota Timberwolves,112,Memphis Grizzlies,119,Box Score,,"14,117",
552,"Tue, Jan 7, 2020",9:00p,Sacramento Kings,114,Phoenix Suns,103,Box Score,,"14,134",
553,"Wed, Jan 8, 2020",10:30p,New York Knicks,87,Los Angeles Lakers,117,Box Score,,"18,997",
554,"Wed, Jan 8, 2020",7:00p,San Antonio Spurs,129,Boston Celtics,114,Box Score,,"19,156",
555,"Wed, Jan 8, 2020",7:00p,Toronto Raptors,112,Charlotte Hornets,110,Box Score,OT,"13,965",
556,"Wed, Jan 8, 2020",7:00p,Miami Heat,122,Indiana Pacers,108,Box Score,,"17,040",
557,"Wed, Jan 8, 2020",7:00p,Washington Wizards,89,Orlando Magic,123,Box Score,,"16,013",
558,"Wed, Jan 8, 2020",7:30p,Houston Rockets,122,Atlanta Hawks,115,Box Score,,"16,514",
559,"Wed, Jan 8, 2020",7:30p,Denver Nuggets,107,Dallas Mavericks,106,Box Score,,"20,314",
560,"Wed, Jan 8, 2020",8:00p,Chicago Bulls,108,New Orleans Pelicans,123,Box Score,,"15,324",
561,"Wed, Jan 8, 2020",9:00p,New York Knicks,104,Utah Jazz,128,Box Score,,"18,306",
562,"Thu, Jan 9, 2020",10:00p,Milwaukee Bucks,107,Golden State Warriors,98,Box Score,,"18,064",
563,"Thu, Jan 9, 2020",7:00p,Cleveland Cavaliers,115,Detroit Pistons,112,Box Score,OT,"13,445",
564,"Thu, Jan 9, 2020",7:00p,Boston Celtics,98,Philadelphia 76ers,109,Box Score,,"20,822",
565,"Thu, Jan 9, 2020",8:00p,Portland Trail Blazers,102,Minnesota Timberwolves,116,Box Score,,"13,720",
566,"Fri, Jan 10, 2020",9:30p,Houston Rockets,92,Oklahoma City Thunder,113,Box Score,,"18,203",
567,"Fri, Jan 10, 2020",7:00p,Atlanta Hawks,101,Washington Wizards,111,Box Score,,"16,360",
568,"Fri, Jan 10, 2020",7:15p,New Orleans Pelicans,123,New York Knicks,111,Box Score,,"18,003",
569,"Fri, Jan 10, 2020",7:30p,Miami Heat,113,Brooklyn Nets,117,Box Score,,"16,011",
570,"Fri, Jan 10, 2020",8:00p,Indiana Pacers,116,Chicago Bulls,105,Box Score,,"20,229",
571,"Fri, Jan 10, 2020",8:00p,San Antonio Spurs,121,Memphis Grizzlies,134,Box Score,,"16,448",
572,"Fri, Jan 10, 2020",9:00p,Orlando Magic,94,Phoenix Suns,98,Box Score,,"14,562",
573,"Fri, Jan 10, 2020",9:00p,Charlotte Hornets,92,Utah Jazz,109,Box Score,,"18,306",
574,"Fri, Jan 10, 2020",9:45p,Los Angeles Lakers,129,Dallas Mavericks,114,Box Score,,"20,542",
575,"Fri, Jan 10, 2020",10:00p,Milwaukee Bucks,127,Sacramento Kings,106,Box Score,,"17,583",
576,"Sat, Jan 11, 2020",10:30p,Golden State Warriors,100,Los Angeles Clippers,109,Box Score,,"19,068",
577,"Sat, Jan 11, 2020",5:00p,Minnesota Timberwolves,109,Houston Rockets,139,Box Score,,"18,055",
578,"Sat, Jan 11, 2020",7:00p,New Orleans Pelicans,105,Boston Celtics,140,Box Score,,"19,156",
579,"Sat, Jan 11, 2020",7:00p,Chicago Bulls,108,Detroit Pistons,99,Box Score,,"15,951",
580,"Sat, Jan 11, 2020",8:00p,Los Angeles Lakers,125,Oklahoma City Thunder,110,Box Score,,"18,203",
581,"Sat, Jan 11, 2020",8:30p,Philadelphia 76ers,91,Dallas Mavericks,109,Box Score,,"20,244",
582,"Sat, Jan 11, 2020",9:00p,Cleveland Cavaliers,111,Denver Nuggets,103,Box Score,,"19,533",
583,"Sun, Jan 12, 2020",10:00p,Milwaukee Bucks,122,Portland Trail Blazers,101,Box Score,,"19,843",
584,"Sun, Jan 12, 2020",3:30p,Miami Heat,121,New York Knicks,124,Box Score,,"18,861",
585,"Sun, Jan 12, 2020",3:30p,Utah Jazz,127,Washington Wizards,116,Box Score,,"15,953",
586,"Sun, Jan 12, 2020",6:00p,Atlanta Hawks,86,Brooklyn Nets,108,Box Score,,"15,201",
587,"Sun, Jan 12, 2020",6:00p,Golden State Warriors,102,Memphis Grizzlies,122,Box Score,,"16,408",
588,"Sun, Jan 12, 2020",6:00p,San Antonio Spurs,105,Toronto Raptors,104,Box Score,,"19,800",
589,"Sun, Jan 12, 2020",8:00p,Los Angeles Clippers,104,Denver Nuggets,114,Box Score,,"19,520",
590,"Mon, Jan 13, 2020",8:00p,Charlotte Hornets,92,Phoenix Suns,100,Box Score,,"14,751",
591,"Mon, Jan 13, 2020",7:00p,New Orleans Pelicans,117,Detroit Pistons,110,Box Score,OT,"13,780",
592,"Mon, Jan 13, 2020",7:00p,Philadelphia 76ers,95,Indiana Pacers,101,Box Score,,"15,257",
593,"Mon, Jan 13, 2020",7:30p,Chicago Bulls,101,Boston Celtics,113,Box Score,,"19,156",
594,"Mon, Jan 13, 2020",8:00p,Oklahoma City Thunder,117,Minnesota Timberwolves,104,Box Score,,"11,044",
595,"Mon, Jan 13, 2020",10:00p,Charlotte Hornets,112,Portland Trail Blazers,115,Box Score,,"19,111",
596,"Mon, Jan 13, 2020",10:00p,Orlando Magic,114,Sacramento Kings,112,Box Score,,"16,299",
597,"Tue, Jan 14, 2020",10:30p,Cleveland Cavaliers,99,Los Angeles Lakers,128,Box Score,,"18,997",
598,"Tue, Jan 14, 2020",7:30p,Phoenix Suns,110,Atlanta Hawks,123,Box Score,,"16,060",
599,"Tue, Jan 14, 2020",7:30p,Utah Jazz,118,Brooklyn Nets,107,Box Score,,"15,381",
600,"Tue, Jan 14, 2020",8:00p,Houston Rockets,110,Memphis Grizzlies,121,Box Score,,"16,181",
601,"Tue, Jan 14, 2020",8:00p,New York Knicks,102,Milwaukee Bucks,128,Box Score,,"17,590",
602,"Tue, Jan 14, 2020",10:30p,Dallas Mavericks,124,Golden State Warriors,97,Box Score,,"18,064",
603,"Wed, Jan 15, 2020",10:30p,Cleveland Cavaliers,103,Los Angeles Clippers,128,Box Score,,"19,068",
604,"Wed, Jan 15, 2020",7:00p,Detroit Pistons,116,Boston Celtics,103,Box Score,,"19,156",
605,"Wed, Jan 15, 2020",7:00p,Brooklyn Nets,106,Philadelphia 76ers,117,Box Score,,"20,416",
606,"Wed, Jan 15, 2020",7:30p,San Antonio Spurs,100,Miami Heat,106,Box Score,,"19,704",
607,"Wed, Jan 15, 2020",8:00p,Washington Wizards,106,Chicago Bulls,115,Box Score,,"19,382",
608,"Wed, Jan 15, 2020",8:00p,Indiana Pacers,104,Minnesota Timberwolves,99,Box Score,,"12,648",
609,"Wed, Jan 15, 2020",8:00p,Toronto Raptors,130,Oklahoma City Thunder,121,Box Score,,"18,203",
610,"Wed, Jan 15, 2020",9:00p,Charlotte Hornets,86,Denver Nuggets,100,Box Score,,"19,520",
611,"Wed, Jan 15, 2020",9:30p,Portland Trail Blazers,117,Houston Rockets,107,Box Score,,"18,055",
612,"Wed, Jan 15, 2020",10:00p,Dallas Mavericks,127,Sacramento Kings,123,Box Score,,"17,029",
613,"Thu, Jan 16, 2020",10:30p,Orlando Magic,119,Los Angeles Lakers,118,Box Score,,"18,997",
614,"Thu, Jan 16, 2020",7:30p,Phoenix Suns,121,New York Knicks,98,Box Score,,"18,215",
615,"Thu, Jan 16, 2020",8:00p,Boston Celtics,123,Milwaukee Bucks,128,Box Score,,"17,873",
616,"Thu, Jan 16, 2020",8:00p,Utah Jazz,132,New Orleans Pelicans,138,Box Score,OT,"16,717",
617,"Thu, Jan 16, 2020",10:30p,Denver Nuggets,134,Golden State Warriors,131,Box Score,OT,"18,064",
618,"Fri, Jan 17, 2020",10:30p,Orlando Magic,95,Los Angeles Clippers,122,Box Score,,"19,068",
619,"Fri, Jan 17, 2020",7:00p,Minnesota Timberwolves,114,Indiana Pacers,116,Box Score,,"16,248",
620,"Fri, Jan 17, 2020",7:00p,Chicago Bulls,89,Philadelphia 76ers,100,Box Score,,"20,919",
621,"Fri, Jan 17, 2020",7:00p,Washington Wizards,111,Toronto Raptors,140,Box Score,,"19,800",
622,"Fri, Jan 17, 2020",8:00p,Cleveland Cavaliers,109,Memphis Grizzlies,113,Box Score,,"17,102",
623,"Fri, Jan 17, 2020",8:00p,Miami Heat,115,Oklahoma City Thunder,108,Box Score,,"18,203",
624,"Fri, Jan 17, 2020",8:30p,Atlanta Hawks,121,San Antonio Spurs,120,Box Score,,"18,354",
625,"Sat, Jan 18, 2020",9:30p,Portland Trail Blazers,112,Dallas Mavericks,120,Box Score,,"20,283",
626,"Sat, Jan 18, 2020",3:30p,Los Angeles Clippers,133,New Orleans Pelicans,130,Box Score,,"17,959",
627,"Sat, Jan 18, 2020",6:00p,Milwaukee Bucks,117,Brooklyn Nets,97,Box Score,,"17,732",
628,"Sat, Jan 18, 2020",7:00p,Phoenix Suns,123,Boston Celtics,119,Box Score,,"19,156",
629,"Sat, Jan 18, 2020",7:30p,Detroit Pistons,136,Atlanta Hawks,103,Box Score,,"17,056",
630,"Sat, Jan 18, 2020",7:30p,Philadelphia 76ers,90,New York Knicks,87,Box Score,,"17,812",
631,"Sat, Jan 18, 2020",8:00p,Cleveland Cavaliers,116,Chicago Bulls,118,Box Score,,"19,939",
632,"Sat, Jan 18, 2020",8:00p,Toronto Raptors,122,Minnesota Timberwolves,112,Box Score,,"16,520",
633,"Sat, Jan 18, 2020",8:30p,Orlando Magic,95,Golden State Warriors,109,Box Score,,"18,064",
634,"Sat, Jan 18, 2020",8:30p,Los Angeles Lakers,124,Houston Rockets,115,Box Score,,"18,502",
635,"Sat, Jan 18, 2020",9:00p,Portland Trail Blazers,106,Oklahoma City Thunder,119,Box Score,,"18,203",
636,"Sun, Jan 19, 2020",9:00p,Sacramento Kings,101,Utah Jazz,123,Box Score,,"18,306",
637,"Sun, Jan 19, 2020",3:00p,Miami Heat,102,San Antonio Spurs,107,Box Score,,"18,422",
638,"Mon, Jan 20, 2020",8:00p,Indiana Pacers,115,Denver Nuggets,107,Box Score,,"19,520",
639,"Mon, Jan 20, 2020",2:00p,Detroit Pistons,100,Washington Wizards,106,Box Score,,"17,305",
640,"Mon, Jan 20, 2020",2:30p,Toronto Raptors,122,Atlanta Hawks,117,Box Score,,"17,300",
641,"Mon, Jan 20, 2020",3:00p,Philadelphia 76ers,117,Brooklyn Nets,111,Box Score,,"16,801",
642,"Mon, Jan 20, 2020",5:00p,Orlando Magic,106,Charlotte Hornets,83,Box Score,,"16,133",
643,"Mon, Jan 20, 2020",5:00p,New York Knicks,106,Cleveland Cavaliers,86,Box Score,,"17,133",
644,"Mon, Jan 20, 2020",5:00p,Oklahoma City Thunder,112,Houston Rockets,107,Box Score,,"18,055",
645,"Mon, Jan 20, 2020",5:00p,New Orleans Pelicans,126,Memphis Grizzlies,116,Box Score,,"17,794",
646,"Mon, Jan 20, 2020",5:00p,Sacramento Kings,113,Miami Heat,118,Box Score,OT,"19,600",
647,"Mon, Jan 20, 2020",5:00p,Chicago Bulls,98,Milwaukee Bucks,111,Box Score,,"17,747",
648,"Mon, Jan 20, 2020",7:30p,Los Angeles Lakers,107,Boston Celtics,139,Box Score,,"19,156",
649,"Mon, Jan 20, 2020",8:00p,Denver Nuggets,107,Minnesota Timberwolves,100,Box Score,,"12,172",
650,"Mon, Jan 20, 2020",9:00p,San Antonio Spurs,120,Phoenix Suns,118,Box Score,,"14,847",
651,"Mon, Jan 20, 2020",9:00p,Indiana Pacers,88,Utah Jazz,118,Box Score,,"18,306",
652,"Tue, Jan 21, 2020",10:00p,Golden State Warriors,124,Portland Trail Blazers,129,Box Score,OT,"19,493",
653,"Wed, Jan 22, 2020",8:30p,Los Angeles Clippers,110,Dallas Mavericks,107,Box Score,,"19,783",
654,"Wed, Jan 22, 2020",7:00p,Sacramento Kings,106,Detroit Pistons,127,Box Score,,"13,972",
655,"Wed, Jan 22, 2020",7:00p,Oklahoma City Thunder,120,Orlando Magic,114,Box Score,,"18,846",
656,"Wed, Jan 22, 2020",7:00p,Philadelphia 76ers,95,Toronto Raptors,107,Box Score,,"19,800",
657,"Wed, Jan 22, 2020",7:30p,Los Angeles Clippers,95,Atlanta Hawks,102,Box Score,,"14,338",
658,"Wed, Jan 22, 2020",7:30p,Memphis Grizzlies,95,Boston Celtics,119,Box Score,,"19,156",
659,"Wed, Jan 22, 2020",7:30p,Washington Wizards,129,Miami Heat,134,Box Score,OT,"19,600",
660,"Wed, Jan 22, 2020",7:30p,Los Angeles Lakers,100,New York Knicks,92,Box Score,,"19,812",
661,"Wed, Jan 22, 2020",8:00p,Minnesota Timberwolves,110,Chicago Bulls,117,Box Score,,"18,875",
662,"Wed, Jan 22, 2020",8:00p,Denver Nuggets,105,Houston Rockets,121,Box Score,,"18,055",
663,"Wed, Jan 22, 2020",9:00p,Indiana Pacers,112,Phoenix Suns,87,Box Score,,"14,691",
664,"Wed, Jan 22, 2020",9:30p,San Antonio Spurs,121,New Orleans Pelicans,117,Box Score,,"18,365",
665,"Thu, Jan 23, 2020",10:00p,Utah Jazz,129,Golden State Warriors,96,Box Score,,"18,064",
666,"Thu, Jan 23, 2020",7:00p,Washington Wizards,124,Cleveland Cavaliers,112,Box Score,,"16,689",
667,"Thu, Jan 23, 2020",8:00p,Los Angeles Lakers,128,Brooklyn Nets,113,Box Score,,"17,732",
668,"Fri, Jan 24, 2020",10:30p,Dallas Mavericks,133,Portland Trail Blazers,125,Box Score,,"19,574",
669,"Fri, Jan 24, 2020",3:00p,Milwaukee Bucks,116,Charlotte Hornets,103,Box Score,,"15,758","at Paris, France"
670,"Fri, Jan 24, 2020",7:00p,Memphis Grizzlies,125,Detroit Pistons,112,Box Score,,"14,583",
671,"Fri, Jan 24, 2020",7:00p,Boston Celtics,109,Orlando Magic,98,Box Score,,"18,846",
672,"Fri, Jan 24, 2020",7:30p,Toronto Raptors,118,New York Knicks,112,Box Score,,"18,883",
673,"Fri, Jan 24, 2020",8:00p,Sacramento Kings,98,Chicago Bulls,81,Box Score,,"17,661",
674,"Fri, Jan 24, 2020",8:00p,Los Angeles Clippers,122,Miami Heat,117,Box Score,,"19,632",
675,"Fri, Jan 24, 2020",8:00p,Houston Rockets,131,Minnesota Timberwolves,124,Box Score,,"16,101",
676,"Fri, Jan 24, 2020",8:00p,Denver Nuggets,113,New Orleans Pelicans,106,Box Score,,"16,398",
677,"Fri, Jan 24, 2020",8:00p,Atlanta Hawks,111,Oklahoma City Thunder,140,Box Score,,"18,203",
678,"Fri, Jan 24, 2020",8:30p,Phoenix Suns,103,San Antonio Spurs,99,Box Score,,"18,354",
679,"Sat, Jan 25, 2020",10:30p,Indiana Pacers,129,Golden State Warriors,118,Box Score,,"18,064",
680,"Sat, Jan 25, 2020",5:00p,Dallas Mavericks,107,Utah Jazz,112,Box Score,,"18,306",
681,"Sat, Jan 25, 2020",7:00p,Brooklyn Nets,121,Detroit Pistons,111,Box Score,OT,"15,890",
682,"Sat, Jan 25, 2020",8:00p,Chicago Bulls,118,Cleveland Cavaliers,106,Box Score,,"19,432",
683,"Sat, Jan 25, 2020",8:00p,Oklahoma City Thunder,113,Minnesota Timberwolves,104,Box Score,,"16,236",
684,"Sun, Jan 26, 2020",8:30p,Los Angeles Lakers,91,Philadelphia 76ers,108,Box Score,,"21,109",
685,"Sun, Jan 26, 2020",3:30p,Houston Rockets,110,Denver Nuggets,117,Box Score,,"19,520",
686,"Sun, Jan 26, 2020",4:00p,Toronto Raptors,110,San Antonio Spurs,106,Box Score,,"18,354",
687,"Sun, Jan 26, 2020",6:00p,Washington Wizards,133,Atlanta Hawks,152,Box Score,,"15,567",
688,"Sun, Jan 26, 2020",6:00p,Phoenix Suns,109,Memphis Grizzlies,114,Box Score,,"17,214",
689,"Sun, Jan 26, 2020",6:00p,Boston Celtics,108,New Orleans Pelicans,123,Box Score,,"16,737",
690,"Sun, Jan 26, 2020",6:00p,Brooklyn Nets,97,New York Knicks,110,Box Score,,"17,831",
691,"Sun, Jan 26, 2020",6:00p,Los Angeles Clippers,112,Orlando Magic,97,Box Score,,"15,427",
692,"Mon, Jan 27, 2020",9:00p,Indiana Pacers,129,Portland Trail Blazers,139,Box Score,,"19,663",
693,"Mon, Jan 27, 2020",7:00p,Cleveland Cavaliers,115,Detroit Pistons,100,Box Score,,"12,597",
694,"Mon, Jan 27, 2020",7:30p,Orlando Magic,92,Miami Heat,113,Box Score,,"19,600",
695,"Mon, Jan 27, 2020",8:00p,San Antonio Spurs,109,Chicago Bulls,110,Box Score,,"16,071",
696,"Mon, Jan 27, 2020",8:00p,Sacramento Kings,133,Minnesota Timberwolves,129,Box Score,OT,"13,449",
697,"Mon, Jan 27, 2020",8:00p,Dallas Mavericks,107,Oklahoma City Thunder,97,Box Score,,"18,203",
698,"Tue, Jan 28, 2020",9:00p,Houston Rockets,126,Utah Jazz,117,Box Score,,"18,306",
699,"Tue, Jan 28, 2020",7:00p,New York Knicks,92,Charlotte Hornets,97,Box Score,,"14,342",
700,"Tue, Jan 28, 2020",7:00p,Golden State Warriors,104,Philadelphia 76ers,115,Box Score,,"20,854",
701,"Tue, Jan 28, 2020",7:30p,New Orleans Pelicans,125,Cleveland Cavaliers,111,Box Score,,"19,432",
702,"Tue, Jan 28, 2020",7:30p,Atlanta Hawks,114,Toronto Raptors,130,Box Score,,"19,800",
703,"Tue, Jan 28, 2020",8:00p,Denver Nuggets,96,Memphis Grizzlies,104,Box Score,,"14,365",
704,"Tue, Jan 28, 2020",8:00p,Boston Celtics,109,Miami Heat,101,Box Score,,"19,704",
705,"Tue, Jan 28, 2020",8:00p,Washington Wizards,131,Milwaukee Bucks,151,Box Score,,"17,681",
706,"Wed, Jan 29, 2020",8:30p,Phoenix Suns,133,Dallas Mavericks,104,Box Score,,"20,216",
707,"Wed, Jan 29, 2020",7:00p,Chicago Bulls,106,Indiana Pacers,115,Box Score,OT,"17,923",
708,"Wed, Jan 29, 2020",7:30p,Detroit Pistons,115,Brooklyn Nets,125,Box Score,,"14,275",
709,"Wed, Jan 29, 2020",7:30p,Memphis Grizzlies,127,New York Knicks,106,Box Score,,"18,768",
710,"Wed, Jan 29, 2020",8:30p,Utah Jazz,120,San Antonio Spurs,127,Box Score,,"17,887",
711,"Wed, Jan 29, 2020",10:00p,Houston Rockets,112,Portland Trail Blazers,125,Box Score,,"19,393",
712,"Thu, Jan 30, 2020",10:00p,Oklahoma City Thunder,120,Sacramento Kings,100,Box Score,,"16,935",
713,"Thu, Jan 30, 2020",7:00p,Toronto Raptors,115,Cleveland Cavaliers,109,Box Score,,"17,695",
714,"Thu, Jan 30, 2020",7:00p,Charlotte Hornets,107,Washington Wizards,121,Box Score,,"15,013",
715,"Thu, Jan 30, 2020",7:30p,Philadelphia 76ers,117,Atlanta Hawks,127,Box Score,,"15,227",
716,"Thu, Jan 30, 2020",8:00p,Golden State Warriors,104,Boston Celtics,119,Box Score,,"19,156",
717,"Thu, Jan 30, 2020",10:30p,Utah Jazz,100,Denver Nuggets,106,Box Score,,"19,520",
718,"Fri, Jan 31, 2020",10:30p,Sacramento Kings,124,Los Angeles Clippers,103,Box Score,,"19,068",
719,"Fri, Jan 31, 2020",7:00p,Toronto Raptors,105,Detroit Pistons,92,Box Score,,"17,356",
720,"Fri, Jan 31, 2020",7:30p,Chicago Bulls,118,Brooklyn Nets,133,Box Score,,"17,732",
721,"Fri, Jan 31, 2020",7:30p,Dallas Mavericks,121,Houston Rockets,128,Box Score,,"18,055",
722,"Fri, Jan 31, 2020",8:00p,Memphis Grizzlies,111,New Orleans Pelicans,139,Box Score,,"18,362",
723,"Fri, Jan 31, 2020",9:00p,Denver Nuggets,127,Milwaukee Bucks,115,Box Score,,"18,141",
724,"Fri, Jan 31, 2020",9:00p,Oklahoma City Thunder,111,Phoenix Suns,107,Box Score,,"17,260",
725,"Sat, Feb 1, 2020",,,,,,,,,
726,"Sat, Feb 1, 2020",3:30p,Minnesota Timberwolves,106,Los Angeles Clippers,118,Box Score,,"19,068",
727,"Sat, Feb 1, 2020",7:00p,New York Knicks,92,Indiana Pacers,85,Box Score,,"17,923",
728,"Sat, Feb 1, 2020",7:00p,Miami Heat,102,Orlando Magic,89,Box Score,,"18,846",
729,"Sat, Feb 1, 2020",8:00p,Golden State Warriors,131,Cleveland Cavaliers,112,Box Score,,"18,410",
730,"Sat, Feb 1, 2020",8:00p,Brooklyn Nets,107,Washington Wizards,113,Box Score,,"18,196",
731,"Sat, Feb 1, 2020",8:30p,Philadelphia 76ers,95,Boston Celtics,116,Box Score,,"19,156",
732,"Sat, Feb 1, 2020",8:30p,Atlanta Hawks,100,Dallas Mavericks,123,Box Score,,"20,328",
733,"Sat, Feb 1, 2020",9:00p,Charlotte Hornets,90,San Antonio Spurs,114,Box Score,,"18,615",
734,"Sat, Feb 1, 2020",10:00p,Los Angeles Lakers,129,Sacramento Kings,113,Box Score,,"17,583",
735,"Sun, Feb 2, 2020",10:30p,Utah Jazz,107,Portland Trail Blazers,124,Box Score,,"19,603",
736,"Sun, Feb 2, 2020",12:30p,Denver Nuggets,123,Detroit Pistons,128,Box Score,OT,"15,488",
737,"Sun, Feb 2, 2020",2:00p,New Orleans Pelicans,109,Houston Rockets,117,Box Score,,"18,055",
738,"Sun, Feb 2, 2020",2:00p,Phoenix Suns,108,Milwaukee Bucks,129,Box Score,,"17,754",
739,"Mon, Feb 3, 2020",3:00p,Chicago Bulls,102,Toronto Raptors,129,Box Score,,"19,800",
740,"Mon, Feb 3, 2020",7:00p,Orlando Magic,112,Charlotte Hornets,100,Box Score,,"12,337",
741,"Mon, Feb 3, 2020",7:00p,New York Knicks,139,Cleveland Cavaliers,134,Box Score,OT,"16,303",
742,"Mon, Feb 3, 2020",7:00p,Dallas Mavericks,112,Indiana Pacers,103,Box Score,,"15,086",
743,"Mon, Feb 3, 2020",7:00p,Golden State Warriors,125,Washington Wizards,117,Box Score,,"17,120",
744,"Mon, Feb 3, 2020",7:30p,Boston Celtics,123,Atlanta Hawks,115,Box Score,,"16,231",
745,"Mon, Feb 3, 2020",7:30p,Phoenix Suns,97,Brooklyn Nets,119,Box Score,,"14,891",
746,"Mon, Feb 3, 2020",7:30p,Philadelphia 76ers,106,Miami Heat,137,Box Score,,"19,725",
747,"Mon, Feb 3, 2020",8:00p,Detroit Pistons,82,Memphis Grizzlies,96,Box Score,,"14,597",
748,"Mon, Feb 3, 2020",10:00p,Minnesota Timberwolves,109,Sacramento Kings,113,Box Score,,"15,819",
749,"Tue, Feb 4, 2020",10:30p,San Antonio Spurs,105,Los Angeles Clippers,108,Box Score,,"19,068",
750,"Tue, Feb 4, 2020",7:30p,Milwaukee Bucks,120,New Orleans Pelicans,108,Box Score,,"15,424",
751,"Tue, Feb 4, 2020",8:00p,Charlotte Hornets,110,Houston Rockets,125,Box Score,,"18,055",
752,"Tue, Feb 4, 2020",9:00p,Portland Trail Blazers,99,Denver Nuggets,127,Box Score,,"19,520",
753,"Wed, Feb 5, 2020",10:00p,San Antonio Spurs,102,Los Angeles Lakers,129,Box Score,,"18,997",
754,"Wed, Feb 5, 2020",7:00p,Phoenix Suns,108,Detroit Pistons,116,Box Score,,"13,707",
755,"Wed, Feb 5, 2020",7:30p,Orlando Magic,100,Boston Celtics,116,Box Score,,"19,156",
756,"Wed, Feb 5, 2020",7:30p,Golden State Warriors,88,Brooklyn Nets,129,Box Score,,"14,352",
757,"Wed, Feb 5, 2020",7:30p,Indiana Pacers,118,Toronto Raptors,119,Box Score,,"19,800",
758,"Wed, Feb 5, 2020",8:00p,Atlanta Hawks,127,Minnesota Timberwolves,120,Box Score,,"10,779",
759,"Wed, Feb 5, 2020",8:00p,Cleveland Cavaliers,103,Oklahoma City Thunder,109,Box Score,,"18,203",
760,"Wed, Feb 5, 2020",8:30p,Memphis Grizzlies,121,Dallas Mavericks,107,Box Score,,"20,069",
761,"Wed, Feb 5, 2020",9:00p,Denver Nuggets,98,Utah Jazz,95,Box Score,,"18,306",
762,"Thu, Feb 6, 2020",10:00p,Miami Heat,111,Los Angeles Clippers,128,Box Score,,"19,068",
763,"Thu, Feb 6, 2020",7:30p,Orlando Magic,103,New York Knicks,105,Box Score,,"18,895",
764,"Thu, Feb 6, 2020",8:00p,New Orleans Pelicans,125,Chicago Bulls,119,Box Score,,"18,247",
765,"Thu, Feb 6, 2020",8:00p,Philadelphia 76ers,101,Milwaukee Bucks,112,Box Score,,"17,928",
766,"Thu, Feb 6, 2020",10:00p,San Antonio Spurs,117,Portland Trail Blazers,125,Box Score,,"19,653",
767,"Fri, Feb 7, 2020",10:30p,Houston Rockets,121,Los Angeles Lakers,111,Box Score,,"18,997",
768,"Fri, Feb 7, 2020",7:00p,Memphis Grizzlies,107,Philadelphia 76ers,119,Box Score,,"20,779",
769,"Fri, Feb 7, 2020",7:00p,Dallas Mavericks,118,Washington Wizards,119,Box Score,,"20,476",
770,"Fri, Feb 7, 2020",7:30p,Atlanta Hawks,107,Boston Celtics,112,Box Score,,"19,156",
771,"Fri, Feb 7, 2020",8:00p,Toronto Raptors,115,Indiana Pacers,106,Box Score,,"17,028",
772,"Fri, Feb 7, 2020",8:00p,Detroit Pistons,101,Oklahoma City Thunder,108,Box Score,,"18,203",
773,"Fri, Feb 7, 2020",9:00p,Houston Rockets,91,Phoenix Suns,127,Box Score,,"17,043",
774,"Fri, Feb 7, 2020",10:00p,Miami Heat,97,Sacramento Kings,105,Box Score,,"16,760",
775,"Sat, Feb 8, 2020",10:30p,Portland Trail Blazers,114,Utah Jazz,117,Box Score,,"18,306",
776,"Sat, Feb 8, 2020",5:00p,Milwaukee Bucks,111,Orlando Magic,95,Box Score,,"16,632",
777,"Sat, Feb 8, 2020",7:00p,Dallas Mavericks,116,Charlotte Hornets,100,Box Score,,"19,370",
778,"Sat, Feb 8, 2020",7:00p,New York Knicks,95,Detroit Pistons,92,Box Score,,"15,980",
779,"Sat, Feb 8, 2020",7:30p,New Orleans Pelicans,124,Indiana Pacers,117,Box Score,,"17,923",
780,"Sat, Feb 8, 2020",7:30p,Brooklyn Nets,118,Toronto Raptors,119,Box Score,,"19,800",
781,"Sat, Feb 8, 2020",8:00p,Los Angeles Clippers,115,Minnesota Timberwolves,142,Box Score,,"18,978",
782,"Sat, Feb 8, 2020",8:30p,Los Angeles Lakers,125,Golden State Warriors,120,Box Score,,"18,064",
783,"Sat, Feb 8, 2020",9:00p,Denver Nuggets,117,Phoenix Suns,108,Box Score,,"16,843",
784,"Sun, Feb 9, 2020",10:00p,San Antonio Spurs,102,Sacramento Kings,122,Box Score,,"16,756",
785,"Sun, Feb 9, 2020",3:30p,Boston Celtics,112,Oklahoma City Thunder,111,Box Score,,"18,203",
786,"Sun, Feb 9, 2020",6:00p,New York Knicks,135,Atlanta Hawks,140,Box Score,2OT,"16,309",
787,"Sun, Feb 9, 2020",6:00p,Chicago Bulls,111,Philadelphia 76ers,118,Box Score,,"21,018",
788,"Sun, Feb 9, 2020",6:00p,Memphis Grizzlies,106,Washington Wizards,99,Box Score,,"17,251",
789,"Sun, Feb 9, 2020",7:00p,Utah Jazz,114,Houston Rockets,113,Box Score,,"18,055",
790,"Sun, Feb 9, 2020",7:30p,Los Angeles Clippers,133,Cleveland Cavaliers,92,Box Score,,"17,240",
791,"Mon, Feb 10, 2020",9:00p,Miami Heat,109,Portland Trail Blazers,115,Box Score,,"19,726",
792,"Mon, Feb 10, 2020",7:00p,Charlotte Hornets,87,Detroit Pistons,76,Box Score,,"13,941",
793,"Mon, Feb 10, 2020",7:00p,Brooklyn Nets,106,Indiana Pacers,105,Box Score,,"16,761",
794,"Mon, Feb 10, 2020",7:00p,Atlanta Hawks,126,Orlando Magic,135,Box Score,,"17,076",
795,"Mon, Feb 10, 2020",7:30p,Minnesota Timberwolves,126,Toronto Raptors,137,Box Score,,"19,800",
796,"Mon, Feb 10, 2020",8:00p,Sacramento Kings,111,Milwaukee Bucks,123,Box Score,,"17,463",
797,"Mon, Feb 10, 2020",8:30p,Utah Jazz,123,Dallas Mavericks,119,Box Score,,"19,793",
798,"Mon, Feb 10, 2020",9:00p,San Antonio Spurs,120,Denver Nuggets,127,Box Score,,"19,520",
799,"Mon, Feb 10, 2020",10:30p,Miami Heat,113,Golden State Warriors,101,Box Score,,"18,064",
800,"Tue, Feb 11, 2020",10:30p,Phoenix Suns,100,Los Angeles Lakers,125,Box Score,,"18,997",
801,"Tue, Feb 11, 2020",7:00p,Los Angeles Clippers,103,Philadelphia 76ers,110,Box Score,,"20,730",
802,"Tue, Feb 11, 2020",7:00p,Chicago Bulls,114,Washington Wizards,126,Box Score,,"15,135",
803,"Tue, Feb 11, 2020",8:00p,Portland Trail Blazers,117,New Orleans Pelicans,138,Box Score,,"15,739",
804,"Tue, Feb 11, 2020",8:00p,San Antonio Spurs,114,Oklahoma City Thunder,106,Box Score,,"18,203",
805,"Wed, Feb 12, 2020",9:30p,Boston Celtics,105,Houston Rockets,116,Box Score,,"18,055",
806,"Wed, Feb 12, 2020",7:00p,Atlanta Hawks,105,Cleveland Cavaliers,127,Box Score,,"16,200",
807,"Wed, Feb 12, 2020",7:00p,Detroit Pistons,112,Orlando Magic,116,Box Score,OT,"16,607",
808,"Wed, Feb 12, 2020",7:30p,Toronto Raptors,91,Brooklyn Nets,101,Box Score,,"15,823",
809,"Wed, Feb 12, 2020",7:30p,Milwaukee Bucks,111,Indiana Pacers,118,Box Score,,"17,018",
810,"Wed, Feb 12, 2020",7:30p,Washington Wizards,114,New York Knicks,96,Box Score,,"18,835",
811,"Wed, Feb 12, 2020",8:00p,Portland Trail Blazers,104,Memphis Grizzlies,111,Box Score,,"16,889",
812,"Wed, Feb 12, 2020",8:00p,Charlotte Hornets,115,Minnesota Timberwolves,108,Box Score,,"18,978",
813,"Wed, Feb 12, 2020",8:30p,Sacramento Kings,111,Dallas Mavericks,130,Box Score,,"19,842",
814,"Wed, Feb 12, 2020",9:00p,Golden State Warriors,106,Phoenix Suns,112,Box Score,,"15,216",
815,"Wed, Feb 12, 2020",9:00p,Miami Heat,101,Utah Jazz,116,Box Score,,"18,306",
816,"Thu, Feb 13, 2020",10:00p,Los Angeles Lakers,120,Denver Nuggets,116,Box Score,OT,"19,860",
817,"Thu, Feb 13, 2020",8:00p,Los Angeles Clippers,133,Boston Celtics,141,Box Score,2OT,"19,156",
818,"Thu, Feb 20, 2020",8:00p,Oklahoma City Thunder,123,New Orleans Pelicans,118,Box Score,,"17,865",
819,"Thu, Feb 20, 2020",7:00p,Milwaukee Bucks,126,Detroit Pistons,106,Box Score,,"16,097",
820,"Thu, Feb 20, 2020",7:30p,Miami Heat,124,Atlanta Hawks,129,Box Score,,"17,356",
821,"Thu, Feb 20, 2020",8:00p,Charlotte Hornets,103,Chicago Bulls,93,Box Score,,"17,463",
822,"Thu, Feb 20, 2020",8:00p,Brooklyn Nets,104,Philadelphia 76ers,112,Box Score,OT,"20,806",
823,"Thu, Feb 20, 2020",10:00p,Memphis Grizzlies,125,Sacramento Kings,129,Box Score,,"17,078",
824,"Fri, Feb 21, 2020",10:30p,Houston Rockets,135,Golden State Warriors,105,Box Score,,"18,064",
825,"Fri, Feb 21, 2020",7:00p,Dallas Mavericks,122,Orlando Magic,106,Box Score,,"18,846",
826,"Fri, Feb 21, 2020",7:00p,Cleveland Cavaliers,113,Washington Wizards,108,Box Score,,"18,895",
827,"Fri, Feb 21, 2020",7:30p,Indiana Pacers,106,New York Knicks,98,Box Score,,"19,812",
828,"Fri, Feb 21, 2020",7:30p,Phoenix Suns,101,Toronto Raptors,118,Box Score,,"19,800",
829,"Fri, Feb 21, 2020",8:00p,Boston Celtics,127,Minnesota Timberwolves,117,Box Score,,"18,978",
830,"Fri, Feb 21, 2020",8:00p,Denver Nuggets,101,Oklahoma City Thunder,113,Box Score,,"18,203",
831,"Fri, Feb 21, 2020",9:00p,San Antonio Spurs,113,Utah Jazz,104,Box Score,,"18,306",
832,"Fri, Feb 21, 2020",10:30p,Memphis Grizzlies,105,Los Angeles Lakers,117,Box Score,,"18,997",
833,"Sat, Feb 22, 2020",10:30p,New Orleans Pelicans,128,Portland Trail Blazers,115,Box Score,,"19,946",
834,"Sat, Feb 22, 2020",3:30p,Sacramento Kings,112,Los Angeles Clippers,103,Box Score,,"19,068",
835,"Sat, Feb 22, 2020",7:00p,Brooklyn Nets,115,Charlotte Hornets,86,Box Score,,"19,079",
836,"Sat, Feb 22, 2020",7:30p,Dallas Mavericks,107,Atlanta Hawks,111,Box Score,,"17,050",
837,"Sat, Feb 22, 2020",8:00p,Phoenix Suns,112,Chicago Bulls,104,Box Score,,"20,506",
838,"Sat, Feb 22, 2020",8:00p,Cleveland Cavaliers,105,Miami Heat,124,Box Score,,"19,754",
839,"Sat, Feb 22, 2020",8:30p,Philadelphia 76ers,98,Milwaukee Bucks,119,Box Score,,"18,290",
840,"Sun, Feb 23, 2020",9:00p,Houston Rockets,120,Utah Jazz,110,Box Score,,"18,306",
841,"Sun, Feb 23, 2020",3:30p,Boston Celtics,112,Los Angeles Lakers,114,Box Score,,"18,997",
842,"Sun, Feb 23, 2020",6:00p,Minnesota Timberwolves,116,Denver Nuggets,128,Box Score,,"19,626",
843,"Sun, Feb 23, 2020",6:00p,Indiana Pacers,81,Toronto Raptors,127,Box Score,,"19,800",
844,"Sun, Feb 23, 2020",7:00p,Washington Wizards,117,Chicago Bulls,126,Box Score,,"18,024",
845,"Sun, Feb 23, 2020",7:00p,San Antonio Spurs,103,Oklahoma City Thunder,131,Box Score,,"18,203",
846,"Sun, Feb 23, 2020",8:30p,New Orleans Pelicans,115,Golden State Warriors,101,Box Score,,"18,064",
847,"Mon, Feb 24, 2020",9:00p,Detroit Pistons,104,Portland Trail Blazers,107,Box Score,,"19,393",
848,"Mon, Feb 24, 2020",7:00p,Miami Heat,119,Cleveland Cavaliers,125,Box Score,OT,"17,336",
849,"Mon, Feb 24, 2020",7:00p,Atlanta Hawks,112,Philadelphia 76ers,129,Box Score,,"20,836",
850,"Mon, Feb 24, 2020",7:00p,Milwaukee Bucks,137,Washington Wizards,134,Box Score,OT,"16,580",
851,"Mon, Feb 24, 2020",7:30p,Orlando Magic,115,Brooklyn Nets,113,Box Score,,"16,162",
852,"Mon, Feb 24, 2020",8:00p,New York Knicks,112,Houston Rockets,123,Box Score,,"18,055",
853,"Mon, Feb 24, 2020",8:30p,Minnesota Timberwolves,123,Dallas Mavericks,139,Box Score,,"19,936",
854,"Mon, Feb 24, 2020",9:00p,Phoenix Suns,131,Utah Jazz,111,Box Score,,"18,306",
855,"Tue, Feb 25, 2020",10:30p,Memphis Grizzlies,97,Los Angeles Clippers,124,Box Score,,"19,068",
856,"Tue, Feb 25, 2020",7:00p,Charlotte Hornets,80,Indiana Pacers,119,Box Score,,"16,088",
857,"Tue, Feb 25, 2020",7:30p,Milwaukee Bucks,108,Toronto Raptors,97,Box Score,,"19,993",
858,"Tue, Feb 25, 2020",8:00p,Oklahoma City Thunder,124,Chicago Bulls,122,Box Score,,"16,911",
859,"Tue, Feb 25, 2020",9:00p,Detroit Pistons,98,Denver Nuggets,115,Box Score,,"19,143",
860,"Tue, Feb 25, 2020",10:00p,New Orleans Pelicans,109,Los Angeles Lakers,118,Box Score,,"18,997",
861,"Tue, Feb 25, 2020",10:00p,Boston Celtics,118,Portland Trail Blazers,106,Box Score,,"19,460",
862,"Wed, Feb 26, 2020",10:30p,Sacramento Kings,112,Golden State Warriors,94,Box Score,,"18,064",
863,"Wed, Feb 26, 2020",7:00p,New York Knicks,101,Charlotte Hornets,107,Box Score,,"13,152",
864,"Wed, Feb 26, 2020",7:00p,Philadelphia 76ers,94,Cleveland Cavaliers,108,Box Score,,"16,332",
865,"Wed, Feb 26, 2020",7:00p,Brooklyn Nets,106,Washington Wizards,110,Box Score,,"15,021",
866,"Wed, Feb 26, 2020",7:30p,Orlando Magic,130,Atlanta Hawks,120,Box Score,,"14,967",
867,"Wed, Feb 26, 2020",7:30p,Minnesota Timberwolves,129,Miami Heat,126,Box Score,,"19,600",
868,"Wed, Feb 26, 2020",8:00p,Memphis Grizzlies,112,Houston Rockets,140,Box Score,,"18,055",
869,"Wed, Feb 26, 2020",8:30p,Dallas Mavericks,109,San Antonio Spurs,103,Box Score,,"18,354",
870,"Wed, Feb 26, 2020",9:00p,Los Angeles Clippers,102,Phoenix Suns,92,Box Score,,"15,157",
871,"Thu, Feb 27, 2020",10:30p,Boston Celtics,114,Utah Jazz,103,Box Score,,"18,306",
872,"Thu, Feb 27, 2020",7:00p,New York Knicks,106,Philadelphia 76ers,115,Box Score,,"20,175",
873,"Thu, Feb 27, 2020",8:00p,Portland Trail Blazers,100,Indiana Pacers,106,Box Score,,"16,872",
874,"Thu, Feb 27, 2020",8:00p,Sacramento Kings,108,Oklahoma City Thunder,112,Box Score,,"18,203",
875,"Fri, Feb 28, 2020",10:30p,Los Angeles Lakers,116,Golden State Warriors,86,Box Score,,"18,064",
876,"Fri, Feb 28, 2020",7:00p,Minnesota Timberwolves,125,Orlando Magic,136,Box Score,,"18,846",
877,"Fri, Feb 28, 2020",7:30p,Brooklyn Nets,118,Atlanta Hawks,141,Box Score,,"17,034",
878,"Fri, Feb 28, 2020",7:30p,Charlotte Hornets,99,Toronto Raptors,96,Box Score,,"19,800",
879,"Fri, Feb 28, 2020",8:00p,Sacramento Kings,104,Memphis Grizzlies,101,Box Score,,"17,794",
880,"Fri, Feb 28, 2020",8:00p,Dallas Mavericks,118,Miami Heat,126,Box Score,,"19,704",
881,"Fri, Feb 28, 2020",8:00p,Oklahoma City Thunder,86,Milwaukee Bucks,133,Box Score,,"18,412",
882,"Fri, Feb 28, 2020",8:00p,Cleveland Cavaliers,104,New Orleans Pelicans,116,Box Score,,"18,304",
883,"Fri, Feb 28, 2020",9:00p,Detroit Pistons,113,Phoenix Suns,111,Box Score,,"17,142",
884,"Fri, Feb 28, 2020",9:00p,Washington Wizards,119,Utah Jazz,129,Box Score,,"18,306",
885,"Sat, Feb 29, 2020",10:30p,Denver Nuggets,103,Los Angeles Clippers,132,Box Score,,"19,068",
886,"Sat, Feb 29, 2020",5:00p,Chicago Bulls,115,New York Knicks,125,Box Score,,"19,812",
887,"Sat, Feb 29, 2020",7:30p,Portland Trail Blazers,117,Atlanta Hawks,129,Box Score,,"17,765",
888,"Sat, Feb 29, 2020",7:30p,Brooklyn Nets,113,Miami Heat,116,Box Score,,"19,600",
889,"Sat, Feb 29, 2020",8:00p,Indiana Pacers,113,Cleveland Cavaliers,104,Box Score,,"19,432",
890,"Sat, Feb 29, 2020",8:00p,Los Angeles Lakers,88,Memphis Grizzlies,105,Box Score,,"17,794",
891,"Sat, Feb 29, 2020",8:30p,Houston Rockets,111,Boston Celtics,110,Box Score,OT,"19,156",
892,"Sat, Feb 29, 2020",8:30p,Orlando Magic,113,San Antonio Spurs,114,Box Score,,"18,354",
893,"Sun, Mar 1, 2020",,,,,,,,,
894,"Sun, Mar 1, 2020",1:00p,Milwaukee Bucks,93,Charlotte Hornets,85,Box Score,,"19,149",
895,"Sun, Mar 1, 2020",3:30p,Philadelphia 76ers,130,Los Angeles Clippers,136,Box Score,,"19,068",
896,"Sun, Mar 1, 2020",3:30p,Dallas Mavericks,111,Minnesota Timberwolves,91,Box Score,,"18,058",
897,"Sun, Mar 1, 2020",6:00p,Toronto Raptors,118,Denver Nuggets,133,Box Score,,"19,777",
898,"Sun, Mar 1, 2020",6:00p,Detroit Pistons,100,Sacramento Kings,106,Box Score,,"17,499",
899,"Sun, Mar 1, 2020",8:00p,Los Angeles Lakers,122,New Orleans Pelicans,114,Box Score,,"18,547",
900,"Mon, Mar 2, 2020",8:30p,Washington Wizards,124,Golden State Warriors,110,Box Score,,"18,064",
901,"Mon, Mar 2, 2020",7:00p,Utah Jazz,126,Cleveland Cavaliers,113,Box Score,,"15,453",
902,"Mon, Mar 2, 2020",7:00p,Houston Rockets,123,New York Knicks,125,Box Score,,"18,142",
903,"Mon, Mar 2, 2020",7:00p,Portland Trail Blazers,130,Orlando Magic,107,Box Score,,"18,078",
904,"Mon, Mar 2, 2020",7:30p,Memphis Grizzlies,127,Atlanta Hawks,88,Box Score,,"16,207",
905,"Mon, Mar 2, 2020",7:30p,Milwaukee Bucks,89,Miami Heat,105,Box Score,,"19,600",
906,"Mon, Mar 2, 2020",8:00p,Dallas Mavericks,107,Chicago Bulls,109,Box Score,,"18,407",
907,"Tue, Mar 3, 2020",8:30p,Indiana Pacers,116,San Antonio Spurs,111,Box Score,,"17,635",
908,"Tue, Mar 3, 2020",7:00p,San Antonio Spurs,104,Charlotte Hornets,103,Box Score,,"12,008",
909,"Tue, Mar 3, 2020",7:30p,Brooklyn Nets,129,Boston Celtics,120,Box Score,OT,"19,156",
910,"Tue, Mar 3, 2020",8:00p,Minnesota Timberwolves,139,New Orleans Pelicans,134,Box Score,,"15,264",
911,"Tue, Mar 3, 2020",8:00p,Los Angeles Clippers,109,Oklahoma City Thunder,94,Box Score,,"18,203",
912,"Tue, Mar 3, 2020",9:00p,Golden State Warriors,116,Denver Nuggets,100,Box Score,,"19,520",
913,"Tue, Mar 3, 2020",9:00p,Toronto Raptors,123,Phoenix Suns,114,Box Score,,"15,553",
914,"Tue, Mar 3, 2020",10:00p,Philadelphia 76ers,107,Los Angeles Lakers,120,Box Score,,"18,997",
915,"Wed, Mar 4, 2020",10:00p,Washington Wizards,126,Sacramento Kings,133,Box Score,,"16,419",
916,"Wed, Mar 4, 2020",7:00p,Boston Celtics,112,Cleveland Cavaliers,106,Box Score,,"16,897",
917,"Wed, Mar 4, 2020",7:00p,Oklahoma City Thunder,114,Detroit Pistons,107,Box Score,,"15,138",
918,"Wed, Mar 4, 2020",7:00p,Indiana Pacers,100,Milwaukee Bucks,119,Box Score,,"17,695",
919,"Wed, Mar 4, 2020",7:30p,Memphis Grizzlies,118,Brooklyn Nets,79,Box Score,,"16,941",
920,"Wed, Mar 4, 2020",7:30p,Orlando Magic,113,Miami Heat,116,Box Score,,"19,600",
921,"Wed, Mar 4, 2020",7:30p,Utah Jazz,112,New York Knicks,104,Box Score,,"16,588",
922,"Wed, Mar 4, 2020",8:00p,Chicago Bulls,108,Minnesota Timberwolves,115,Box Score,,"13,392",
923,"Wed, Mar 4, 2020",9:30p,New Orleans Pelicans,123,Dallas Mavericks,127,Box Score,OT,"20,459",
924,"Thu, Mar 5, 2020",10:00p,Washington Wizards,104,Portland Trail Blazers,125,Box Score,,"19,393",
925,"Thu, Mar 5, 2020",7:00p,Denver Nuggets,114,Charlotte Hornets,112,Box Score,,"13,311",
926,"Thu, Mar 5, 2020",8:00p,Los Angeles Clippers,120,Houston Rockets,105,Box Score,,"18,055",
927,"Thu, Mar 5, 2020",10:00p,Philadelphia 76ers,125,Sacramento Kings,108,Box Score,,"15,485",
928,"Fri, Mar 6, 2020",10:30p,Toronto Raptors,121,Golden State Warriors,113,Box Score,,"18,064",
929,"Fri, Mar 6, 2020",7:00p,Atlanta Hawks,112,Washington Wizards,118,Box Score,,"17,856",
930,"Fri, Mar 6, 2020",7:30p,San Antonio Spurs,120,Brooklyn Nets,139,Box Score,,"16,277",
931,"Fri, Mar 6, 2020",7:30p,Oklahoma City Thunder,126,New York Knicks,103,Box Score,,"19,499",
932,"Fri, Mar 6, 2020",8:00p,Utah Jazz,99,Boston Celtics,94,Box Score,,"19,156",
933,"Fri, Mar 6, 2020",8:00p,Indiana Pacers,108,Chicago Bulls,102,Box Score,,"20,229",
934,"Fri, Mar 6, 2020",8:00p,Orlando Magic,132,Minnesota Timberwolves,118,Box Score,,"14,315",
935,"Fri, Mar 6, 2020",8:00p,Miami Heat,104,New Orleans Pelicans,110,Box Score,,"18,384",
936,"Fri, Mar 6, 2020",8:30p,Memphis Grizzlies,96,Dallas Mavericks,121,Box Score,,"20,370",
937,"Fri, Mar 6, 2020",9:00p,Portland Trail Blazers,117,Phoenix Suns,127,Box Score,,"15,522",
938,"Sat, Mar 7, 2020",10:30p,Milwaukee Bucks,103,Los Angeles Lakers,113,Box Score,,"18,997",
939,"Sat, Mar 7, 2020",5:00p,Houston Rockets,99,Charlotte Hornets,108,Box Score,,"19,159",
940,"Sat, Mar 7, 2020",7:00p,Utah Jazz,111,Detroit Pistons,105,Box Score,,"16,590",
941,"Sat, Mar 7, 2020",7:30p,Denver Nuggets,102,Cleveland Cavaliers,104,Box Score,,"19,432",
942,"Sat, Mar 7, 2020",8:00p,Atlanta Hawks,101,Memphis Grizzlies,118,Box Score,,"17,117",
943,"Sat, Mar 7, 2020",8:30p,Philadelphia 76ers,114,Golden State Warriors,118,Box Score,,"18,064",
944,"Sun, Mar 8, 2020",10:00p,Sacramento Kings,123,Portland Trail Blazers,111,Box Score,,"19,691",
945,"Sun, Mar 8, 2020",3:00p,Chicago Bulls,107,Brooklyn Nets,110,Box Score,,"15,916",
946,"Sun, Mar 8, 2020",3:30p,Los Angeles Lakers,112,Los Angeles Clippers,103,Box Score,,"19,068",
947,"Sun, Mar 8, 2020",3:30p,New Orleans Pelicans,120,Minnesota Timberwolves,107,Box Score,,"18,978",
948,"Sun, Mar 8, 2020",6:00p,Oklahoma City Thunder,105,Boston Celtics,104,Box Score,,"19,156",
949,"Sun, Mar 8, 2020",6:00p,Milwaukee Bucks,131,Phoenix Suns,140,Box Score,,"17,282",
950,"Sun, Mar 8, 2020",7:00p,Indiana Pacers,112,Dallas Mavericks,109,Box Score,,"20,324",
951,"Sun, Mar 8, 2020",7:00p,Orlando Magic,126,Houston Rockets,106,Box Score,,"18,055",
952,"Sun, Mar 8, 2020",7:00p,Miami Heat,100,Washington Wizards,89,Box Score,,"18,135",
953,"Sun, Mar 8, 2020",7:30p,San Antonio Spurs,129,Cleveland Cavaliers,132,Box Score,OT,"17,995",
954,"Sun, Mar 8, 2020",7:30p,Detroit Pistons,84,New York Knicks,96,Box Score,,"18,361",
955,"Mon, Mar 9, 2020",9:00p,Toronto Raptors,118,Sacramento Kings,113,Box Score,,"16,449",
956,"Mon, Mar 9, 2020",7:30p,Charlotte Hornets,138,Atlanta Hawks,143,Box Score,2OT,"14,399",
957,"Mon, Mar 9, 2020",9:00p,Milwaukee Bucks,95,Denver Nuggets,109,Box Score,,"19,838",
958,"Tue, Mar 10, 2020",9:00p,Toronto Raptors,101,Utah Jazz,92,Box Score,,"18,306",
959,"Tue, Mar 10, 2020",7:00p,Boston Celtics,114,Indiana Pacers,111,Box Score,,"17,053",
960,"Tue, Mar 10, 2020",7:00p,New York Knicks,115,Washington Wizards,122,Box Score,,"15,048",
961,"Tue, Mar 10, 2020",8:00p,Cleveland Cavaliers,103,Chicago Bulls,108,Box Score,,"17,837",
962,"Tue, Mar 10, 2020",8:00p,Minnesota Timberwolves,111,Houston Rockets,117,Box Score,,"18,055",
963,"Tue, Mar 10, 2020",8:00p,Orlando Magic,120,Memphis Grizzlies,115,Box Score,,"15,388",
964,"Tue, Mar 10, 2020",8:00p,Dallas Mavericks,109,San Antonio Spurs,119,Box Score,,"18,354",
965,"Tue, Mar 10, 2020",10:00p,Phoenix Suns,105,Portland Trail Blazers,121,Box Score,,"19,393",
966,"Tue, Mar 10, 2020",10:30p,Los Angeles Clippers,131,Golden State Warriors,107,Box Score,,"18,064",
967,"Wed, Mar 11, 2020",10:30p,Brooklyn Nets,104,Los Angeles Lakers,102,Box Score,,"18,997",
968,"Wed, Mar 11, 2020",7:00p,Detroit Pistons,106,Philadelphia 76ers,124,Box Score,,"20,172",
969,"Wed, Mar 11, 2020",7:30p,New York Knicks,136,Atlanta Hawks,131,Box Score,OT,"15,393",
970,"Wed, Mar 11, 2020",7:30p,Charlotte Hornets,109,Miami Heat,98,Box Score,,"19,600",
971,"Mon, Mar 16, 2020",8:00p,Denver Nuggets,97,Dallas Mavericks,113,Box Score,,"20,302",
972,"Mon, Mar 16, 2020",7:00p,Washington Wizards,,Philadelphia 76ers,,,,,
973,"Mon, Mar 16, 2020",7:30p,Golden State Warriors,,Toronto Raptors,,,,,
974,"Mon, Mar 16, 2020",8:00p,Miami Heat,,Milwaukee Bucks,,,,,
975,"Mon, Mar 16, 2020",8:00p,Atlanta Hawks,,New Orleans Pelicans,,,,,
976,"Mon, Mar 16, 2020",8:30p,Memphis Grizzlies,,San Antonio Spurs,,,,,
977,"Mon, Mar 16, 2020",9:00p,Los Angeles Lakers,,Utah Jazz,,,,,
978,"Tue, Mar 17, 2020",10:30p,Dallas Mavericks,,Los Angeles Clippers,,,,,
979,"Tue, Mar 17, 2020",7:00p,Orlando Magic,,Detroit Pistons,,,,,
980,"Tue, Mar 17, 2020",7:30p,Charlotte Hornets,,New York Knicks,,,,,
981,"Tue, Mar 17, 2020",8:00p,Cleveland Cavaliers,,Houston Rockets,,,,,
982,"Tue, Mar 17, 2020",8:00p,Oklahoma City Thunder,,Memphis Grizzlies,,,,,
983,"Tue, Mar 17, 2020",10:00p,Minnesota Timberwolves,,Portland Trail Blazers,,,,,
984,"Wed, Mar 18, 2020",10:00p,Dallas Mavericks,,Sacramento Kings,,,,,
985,"Wed, Mar 18, 2020",7:00p,Golden State Warriors,,Indiana Pacers,,,,,
986,"Wed, Mar 18, 2020",7:00p,Toronto Raptors,,Philadelphia 76ers,,,,,
987,"Wed, Mar 18, 2020",7:30p,Oklahoma City Thunder,,Atlanta Hawks,,,,,
988,"Wed, Mar 18, 2020",7:30p,New York Knicks,,Boston Celtics,,,,,
989,"Wed, Mar 18, 2020",7:30p,Washington Wizards,,Brooklyn Nets,,,,,
990,"Wed, Mar 18, 2020",8:00p,Miami Heat,,Chicago Bulls,,,,,
991,"Wed, Mar 18, 2020",8:00p,San Antonio Spurs,,New Orleans Pelicans,,,,,
992,"Wed, Mar 18, 2020",9:00p,Los Angeles Clippers,,Denver Nuggets,,,,,
993,"Wed, Mar 18, 2020",10:00p,Minnesota Timberwolves,,Phoenix Suns,,,,,
994,"Thu, Mar 19, 2020",10:30p,Utah Jazz,,Los Angeles Lakers,,,,,
995,"Thu, Mar 19, 2020",7:00p,Philadelphia 76ers,,Charlotte Hornets,,,,,
996,"Thu, Mar 19, 2020",7:00p,Cleveland Cavaliers,,Orlando Magic,,,,,
997,"Thu, Mar 19, 2020",8:00p,Sacramento Kings,,Houston Rockets,,,,,
998,"Thu, Mar 19, 2020",8:00p,Memphis Grizzlies,,Milwaukee Bucks,,,,,
999,"Fri, Mar 20, 2020",10:00p,Dallas Mavericks,,Portland Trail Blazers,,,,,
1000,"Fri, Mar 20, 2020",7:00p,Golden State Warriors,,Detroit Pistons,,,,,
1001,"Fri, Mar 20, 2020",7:00p,Miami Heat,,Indiana Pacers,,,,,
1002,"Fri, Mar 20, 2020",7:30p,Washington Wizards,,Atlanta Hawks,,,,,
1003,"Fri, Mar 20, 2020",7:30p,Boston Celtics,,Toronto Raptors,,,,,
1004,"Fri, Mar 20, 2020",8:00p,Denver Nuggets,,Oklahoma City Thunder,,,,,
1005,"Fri, Mar 20, 2020",8:30p,Chicago Bulls,,San Antonio Spurs,,,,,
1006,"Fri, Mar 20, 2020",9:00p,Minnesota Timberwolves,,Utah Jazz,,,,,
1007,"Sat, Mar 21, 2020",10:30p,Phoenix Suns,,Los Angeles Clippers,,,,,
1008,"Sat, Mar 21, 2020",6:00p,Boston Celtics,,Brooklyn Nets,,,,,
1009,"Sat, Mar 21, 2020",7:00p,Los Angeles Lakers,,Charlotte Hornets,,,,,
1010,"Sat, Mar 21, 2020",7:00p,Cleveland Cavaliers,,Indiana Pacers,,,,,
1011,"Sat, Mar 21, 2020",7:00p,Sacramento Kings,,Orlando Magic,,,,,
1012,"Sat, Mar 21, 2020",7:00p,Atlanta Hawks,,Philadelphia 76ers,,,,,
1013,"Sat, Mar 21, 2020",7:30p,Golden State Warriors,,New York Knicks,,,,,
1014,"Sat, Mar 21, 2020",8:00p,Chicago Bulls,,Houston Rockets,,,,,
1015,"Sat, Mar 21, 2020",8:00p,New Orleans Pelicans,,Memphis Grizzlies,,,,,
1016,"Sat, Mar 21, 2020",8:00p,Milwaukee Bucks,,Washington Wizards,,,,,
1017,"Sun, Mar 22, 2020",10:00p,Dallas Mavericks,,Phoenix Suns,,,,,
1018,"Sun, Mar 22, 2020",6:00p,Los Angeles Lakers,,Detroit Pistons,,,,,
1019,"Sun, Mar 22, 2020",6:00p,Denver Nuggets,,Toronto Raptors,,,,,
1020,"Sun, Mar 22, 2020",7:00p,Portland Trail Blazers,,Minnesota Timberwolves,,,,,
1021,"Sun, Mar 22, 2020",7:00p,Sacramento Kings,,New Orleans Pelicans,,,,,
1022,"Mon, Mar 23, 2020",7:00p,Utah Jazz,,San Antonio Spurs,,,,,
1023,"Mon, Mar 23, 2020",7:00p,Phoenix Suns,,Indiana Pacers,,,,,
1024,"Mon, Mar 23, 2020",7:00p,Los Angeles Clippers,,New York Knicks,,,,,
1025,"Mon, Mar 23, 2020",7:00p,Boston Celtics,,Washington Wizards,,,,,
1026,"Mon, Mar 23, 2020",7:30p,Orlando Magic,,Brooklyn Nets,,,,,
1027,"Mon, Mar 23, 2020",7:30p,Oklahoma City Thunder,,Miami Heat,,,,,
1028,"Mon, Mar 23, 2020",8:00p,Denver Nuggets,,Chicago Bulls,,,,,
1029,"Mon, Mar 23, 2020",8:00p,Detroit Pistons,,Milwaukee Bucks,,,,,
1030,"Tue, Mar 24, 2020",8:30p,Houston Rockets,,Dallas Mavericks,,,,,
1031,"Tue, Mar 24, 2020",7:00p,Portland Trail Blazers,,Charlotte Hornets,,,,,
1032,"Tue, Mar 24, 2020",7:00p,Sacramento Kings,,Cleveland Cavaliers,,,,,
1033,"Tue, Mar 24, 2020",7:30p,Los Angeles Lakers,,Toronto Raptors,,,,,
1034,"Tue, Mar 24, 2020",8:00p,Philadelphia 76ers,,Minnesota Timberwolves,,,,,
1035,"Tue, Mar 24, 2020",8:00p,Memphis Grizzlies,,New Orleans Pelicans,,,,,
1036,"Wed, Mar 25, 2020",10:00p,San Antonio Spurs,,Utah Jazz,,,,,
1037,"Wed, Mar 25, 2020",7:00p,Los Angeles Clippers,,Brooklyn Nets,,,,,
1038,"Wed, Mar 25, 2020",7:00p,Portland Trail Blazers,,Detroit Pistons,,,,,
1039,"Wed, Mar 25, 2020",7:00p,Indiana Pacers,,Orlando Magic,,,,,
1040,"Wed, Mar 25, 2020",7:00p,Phoenix Suns,,Washington Wizards,,,,,
1041,"Wed, Mar 25, 2020",7:30p,Denver Nuggets,,Miami Heat,,,,,
1042,"Wed, Mar 25, 2020",7:30p,Toronto Raptors,,New York Knicks,,,,,
1043,"Wed, Mar 25, 2020",8:00p,Boston Celtics,,Memphis Grizzlies,,,,,
1044,"Wed, Mar 25, 2020",9:30p,Houston Rockets,,Milwaukee Bucks,,,,,
1045,"Thu, Mar 26, 2020",10:30p,Atlanta Hawks,,Golden State Warriors,,,,,
1046,"Thu, Mar 26, 2020",7:00p,Los Angeles Lakers,,Cleveland Cavaliers,,,,,
1047,"Thu, Mar 26, 2020",8:00p,Philadelphia 76ers,,Chicago Bulls,,,,,
1048,"Thu, Mar 26, 2020",8:00p,San Antonio Spurs,,Minnesota Timberwolves,,,,,
1049,"Thu, Mar 26, 2020",8:00p,Charlotte Hornets,,Oklahoma City Thunder,,,,,
1050,"Thu, Mar 26, 2020",8:30p,Utah Jazz,,Dallas Mavericks,,,,,
1051,"Fri, Mar 27, 2020",10:00p,Atlanta Hawks,,Sacramento Kings,,,,,
1052,"Fri, Mar 27, 2020",7:00p,Los Angeles Clippers,,Detroit Pistons,,,,,
1053,"Fri, Mar 27, 2020",7:00p,Houston Rockets,,Indiana Pacers,,,,,
1054,"Fri, Mar 27, 2020",7:00p,Brooklyn Nets,,Orlando Magic,,,,,
1055,"Fri, Mar 27, 2020",7:00p,Phoenix Suns,,Philadelphia 76ers,,,,,
1056,"Fri, Mar 27, 2020",7:30p,Portland Trail Blazers,,Boston Celtics,,,,,
1057,"Fri, Mar 27, 2020",8:00p,New York Knicks,,New Orleans Pelicans,,,,,
1058,"Fri, Mar 27, 2020",8:30p,Washington Wizards,,Milwaukee Bucks,,,,,
1059,"Sat, Mar 28, 2020",9:00p,San Antonio Spurs,,Denver Nuggets,,,,,
1060,"Sat, Mar 28, 2020",6:00p,Cleveland Cavaliers,,Brooklyn Nets,,,,,
1061,"Sat, Mar 28, 2020",7:00p,Los Angeles Clippers,,Charlotte Hornets,,,,,
1062,"Sat, Mar 28, 2020",8:00p,New York Knicks,,Chicago Bulls,,,,,
1063,"Sat, Mar 28, 2020",8:00p,Toronto Raptors,,Memphis Grizzlies,,,,,
1064,"Sat, Mar 28, 2020",8:00p,Phoenix Suns,,Miami Heat,,,,,
1065,"Sat, Mar 28, 2020",8:00p,Los Angeles Lakers,,Washington Wizards,,,,,
1066,"Sat, Mar 28, 2020",8:30p,Oklahoma City Thunder,,Golden State Warriors,,,,,
1067,"Sun, Mar 29, 2020",9:00p,Atlanta Hawks,,Utah Jazz,,,,,
1068,"Sun, Mar 29, 2020",3:00p,Milwaukee Bucks,,Dallas Mavericks,,,,,
1069,"Sun, Mar 29, 2020",5:00p,Houston Rockets,,Detroit Pistons,,,,,
1070,"Sun, Mar 29, 2020",6:00p,Minnesota Timberwolves,,Boston Celtics,,,,,
1071,"Sun, Mar 29, 2020",6:00p,New Orleans Pelicans,,Orlando Magic,,,,,
1072,"Sun, Mar 29, 2020",7:30p,Portland Trail Blazers,,Philadelphia 76ers,,,,,
1073,"Sun, Mar 29, 2020",8:30p,San Antonio Spurs,,Golden State Warriors,,,,,
1074,"Mon, Mar 30, 2020",9:00p,Indiana Pacers,,Sacramento Kings,,,,,
1075,"Mon, Mar 30, 2020",7:00p,Miami Heat,,Charlotte Hornets,,,,,
1076,"Mon, Mar 30, 2020",7:00p,Phoenix Suns,,Cleveland Cavaliers,,,,,
1077,"Mon, Mar 30, 2020",7:30p,Portland Trail Blazers,,Brooklyn Nets,,,,,
1078,"Mon, Mar 30, 2020",7:30p,Memphis Grizzlies,,Toronto Raptors,,,,,
1079,"Mon, Mar 30, 2020",8:00p,Los Angeles Lakers,,Minnesota Timberwolves,,,,,
1080,"Mon, Mar 30, 2020",9:00p,Oklahoma City Thunder,,Denver Nuggets,,,,,
1081,"Mon, Mar 30, 2020",9:00p,Chicago Bulls,,Utah Jazz,,,,,
1082,"Tue, Mar 31, 2020",10:30p,Indiana Pacers,,Los Angeles Clippers,,,,,
1083,"Tue, Mar 31, 2020",7:30p,New Orleans Pelicans,,Atlanta Hawks,,,,,
1084,"Tue, Mar 31, 2020",7:30p,Houston Rockets,,Philadelphia 76ers,,,,,
1085,"Tue, Mar 31, 2020",10:00p,Denver Nuggets,,Golden State Warriors,,,,,
